{"type":"FeatureCollection","features":[{"type":"Feature","properties":{"shapeName":"Uzbekistan","shapeISO":"UZB","shapeType":"ADM0","source":"OpenStreetMap relation 196240"},"geometry":{"type":"MultiPolygon","coordinates":[[[[55.99855,41.32221],[55.99892,43.75327],[56.00053,44.45286],[55.99892,45.00014],[56.74411,45.17741],[57.22587,45.28886],[58.03523,45.47056],[58.58794,45.59068],[58.99028,45.36942],[59.84488,44.98437],[60.58385,44.64182],[61.06686,44.37174],[61.1076,44.36049],[61.13808,44.22485],[61.42545,43.99948],[61.92799,43.57204],[62.00406,43.5054],[62.08673,43.50944],[62.0846,43.51308],[62.08771,43.51434],[62.09203,43.51341],[62.09052,43.5097],[62.2425,43.51855],[63.34908,43.65048],[63.85763,43.59926],[64.53486,43.57069],[64.93226,43.73537],[65.00216,43.7154],[65.18486,43.49516],[65.49547,43.33291],[65.53213,43.31509],[65.55926,43.28948],[65.74182,42.99985],[65.84416,42.85825],[66.09669,42.93814],[66.09502,42.56616],[66.07068,42.33794],[66.00194,42.36074],[65.99871,41.93718],[66.53311,41.87695],[66.60668,41.49379],[66.64541,41.34768],[66.70915,41.14253],[66.99963,41.14077],[67.01572,41.13742],[67.31289,41.13482],[67.36509,41.12699],[67.5696,41.16738],[67.68522,41.17087],[67.73512,41.18204],[67.81327,41.15744],[67.86666,41.13546],[67.89176,41.15223],[67.96554,41.14897],[67.98696,41.09255],[67.9876,41.08148],[67.98403,41.06425],[67.98541,41.04972],[67.9826,41.03047],[67.98326,41.02493],[68.00608,41.02146],[68.00635,41.02294],[68.01404,41.02173],[68.02045,41.02047],[68.02073,41.01819],[68.02413,41.01824],[68.02382,41.02468],[68.02571,41.03192],[68.02358,41.03666],[68.02454,41.03809],[68.04138,41.04434],[68.04769,41.04118],[68.05152,41.0417],[68.0639,41.07193],[68.07135,41.08008],[68.08006,41.08156],[68.08513,41.08022],[68.08849,41.07485],[68.10128,41.06784],[68.10559,41.06641],[68.11224,41.06693],[68.11467,41.05435],[68.11876,41.04701],[68.12684,41.04457],[68.12749,41.03845],[68.12696,41.03231],[68.11067,41.03628],[68.10849,41.03427],[68.08837,41.03071],[68.05549,41.00916],[68.05747,41.00577],[68.06824,41.00803],[68.08228,41.00131],[68.08365,40.99775],[68.07877,40.99469],[68.07399,40.98613],[68.08794,40.97009],[68.08439,40.96611],[68.08414,40.96362],[68.07569,40.96057],[68.0821,40.95295],[68.07506,40.94964],[68.07155,40.95332],[68.06644,40.95047],[68.06312,40.94562],[68.08418,40.94181],[68.09138,40.94198],[68.09636,40.93634],[68.08868,40.92561],[68.08108,40.92328],[68.07314,40.92466],[68.07247,40.91676],[68.05474,40.91268],[68.04926,40.90872],[68.03994,40.90761],[68.03432,40.90372],[68.03301,40.90099],[68.02863,40.90015],[68.01257,40.89057],[68.00683,40.88558],[68.00867,40.88032],[68.00612,40.8607],[67.99479,40.86044],[67.99225,40.85869],[67.98764,40.86054],[67.97277,40.86192],[67.97155,40.85125],[67.97701,40.84506],[67.98052,40.84372],[67.98163,40.84053],[67.97717,40.83746],[67.97591,40.83385],[67.9769,40.83177],[68.02338,40.80081],[68.07596,40.78973],[68.15867,40.72507],[68.21739,40.68771],[68.29783,40.65654],[68.37105,40.61741],[68.41063,40.61497],[68.43504,40.59703],[68.46874,40.58864],[68.48155,40.57101],[68.49069,40.57461],[68.49279,40.57252],[68.50216,40.57973],[68.52327,40.58102],[68.53141,40.58337],[68.53531,40.57946],[68.56314,40.57917],[68.58166,40.56869],[68.61051,40.57712],[68.64123,40.59949],[68.66318,40.59943],[68.65934,40.60741],[68.65466,40.61224],[68.62217,40.63033],[68.62718,40.63448],[68.63722,40.63437],[68.64241,40.63813],[68.64267,40.64575],[68.64787,40.64958],[68.64867,40.67627],[68.65362,40.68014],[68.65127,40.68032],[68.65103,40.68218],[68.64637,40.68227],[68.64627,40.68606],[68.63626,40.68629],[68.64373,40.69172],[68.64394,40.69372],[68.63503,40.70101],[68.63417,40.69768],[68.61888,40.69793],[68.6189,40.69998],[68.60909,40.70777],[68.58397,40.70883],[68.58586,40.78027],[68.57322,40.79108],[68.56231,40.80675],[68.56248,40.84151],[68.56406,40.84854],[68.58073,40.85448],[68.58496,40.85719],[68.59048,40.86534],[68.5863,40.88605],[68.57671,40.89722],[68.57671,40.90664],[68.58199,40.91766],[68.58075,40.92074],[68.58278,40.92451],[68.57344,40.92784],[68.56814,40.93448],[68.55874,40.938],[68.55526,40.94257],[68.55091,40.94421],[68.54875,40.94692],[68.51765,40.94253],[68.51764,40.94782],[68.52027,40.95076],[68.51597,40.95248],[68.51696,40.95661],[68.51402,40.9625],[68.51011,40.96127],[68.51102,40.96409],[68.50959,40.9729],[68.49833,40.97333],[68.49725,40.97914],[68.50389,40.99051],[68.50438,40.99988],[68.52215,41.01733],[68.52652,41.02033],[68.53628,41.01278],[68.55981,41.00716],[68.5709,41.0116],[68.57865,41.02084],[68.58954,41.02885],[68.60083,41.03129],[68.60745,41.03047],[68.60993,41.02712],[68.6094,41.01191],[68.61943,41.00177],[68.63076,40.99688],[68.66219,40.99492],[68.67071,40.99086],[68.67392,40.9874],[68.67262,40.98247],[68.66721,40.97944],[68.65632,40.97604],[68.63536,40.97391],[68.63098,40.972],[68.62784,40.9685],[68.62695,40.96614],[68.62859,40.96052],[68.63634,40.94906],[68.64412,40.94274],[68.65089,40.94303],[68.66571,40.95721],[68.67744,40.9626],[68.68417,40.96141],[68.68415,40.96402],[68.69766,40.96732],[68.70216,40.96576],[68.7046,40.96696],[68.71142,40.96431],[68.71973,40.96863],[68.72857,40.96965],[68.73406,40.97425],[68.73684,40.97392],[68.73642,40.97585],[68.73842,40.97623],[68.74029,40.9794],[68.74214,40.97872],[68.74159,40.98149],[68.7441,40.98002],[68.74956,40.98168],[68.74963,40.98418],[68.74706,40.98485],[68.74895,40.98732],[68.74762,40.99017],[68.75065,40.99109],[68.75095,40.99368],[68.75467,40.99397],[68.7544,40.99647],[68.75822,40.99726],[68.75252,41.00312],[68.75591,41.00483],[68.75702,41.00343],[68.76114,41.00636],[68.75676,41.00783],[68.75786,41.01093],[68.75591,41.01008],[68.75487,41.01197],[68.74746,41.00568],[68.74234,41.00581],[68.72185,41.02865],[68.71391,41.03103],[68.71275,41.03258],[68.7137,41.03593],[68.72195,41.05026],[68.76803,41.08899],[68.78449,41.09935],[68.80327,41.11544],[68.81533,41.12086],[68.83657,41.13387],[68.85957,41.14296],[68.88182,41.15961],[68.89583,41.16424],[68.91174,41.17209],[68.91363,41.17349],[68.91482,41.17783],[68.9139,41.17998],[68.91548,41.18232],[68.93194,41.18277],[68.93856,41.19155],[68.96535,41.20108],[68.98055,41.2094],[68.98634,41.21067],[68.98822,41.21359],[68.9916,41.21411],[68.99189,41.21683],[68.99733,41.22509],[68.99363,41.23082],[69.00041,41.23846],[69.01144,41.22763],[69.02468,41.22435],[69.03009,41.22506],[69.02647,41.23095],[69.02926,41.23927],[69.02643,41.24286],[69.02103,41.2459],[69.02569,41.25046],[69.03595,41.25243],[69.03919,41.25447],[69.04054,41.2641],[69.03809,41.26632],[69.03323,41.26667],[69.01707,41.27341],[69.01823,41.27637],[69.01624,41.27793],[69.01386,41.28953],[69.01869,41.29865],[69.0266,41.2981],[69.02996,41.30321],[69.03765,41.30165],[69.03946,41.30542],[69.04552,41.31006],[69.04408,41.31595],[69.04102,41.31947],[69.03965,41.32743],[69.04685,41.34815],[69.04399,41.3507],[69.03573,41.34991],[69.02511,41.35139],[69.0214,41.35548],[69.04099,41.36606],[69.04943,41.36494],[69.05237,41.36867],[69.05939,41.36963],[69.06022,41.37155],[69.06684,41.37205],[69.06708,41.37351],[69.07896,41.37705],[69.08866,41.36856],[69.08373,41.36556],[69.08487,41.36267],[69.0828,41.36185],[69.08269,41.35984],[69.07959,41.35967],[69.0786,41.35795],[69.09228,41.3569],[69.09663,41.35863],[69.09782,41.36847],[69.09974,41.36995],[69.09897,41.37147],[69.10105,41.37203],[69.10128,41.37588],[69.10302,41.3767],[69.10541,41.3828],[69.11376,41.39147],[69.12196,41.39213],[69.1276,41.38893],[69.13292,41.39218],[69.13588,41.39113],[69.13667,41.39229],[69.14913,41.39345],[69.15072,41.3924],[69.15193,41.38658],[69.15513,41.38657],[69.16106,41.39389],[69.16701,41.39488],[69.16784,41.39903],[69.17361,41.40068],[69.17541,41.40294],[69.1708,41.4029],[69.16836,41.40468],[69.16042,41.42389],[69.14996,41.42709],[69.15042,41.42961],[69.14872,41.431],[69.151,41.43169],[69.15229,41.42876],[69.15427,41.43009],[69.1529,41.43169],[69.15609,41.43291],[69.15638,41.43442],[69.15766,41.43329],[69.16488,41.43412],[69.16711,41.43533],[69.16621,41.43844],[69.17272,41.44101],[69.17529,41.44097],[69.17561,41.43655],[69.17856,41.43719],[69.17754,41.43855],[69.18076,41.44505],[69.18586,41.44837],[69.18451,41.45077],[69.18614,41.45266],[69.19007,41.45152],[69.19391,41.45432],[69.19853,41.452],[69.20248,41.45545],[69.20582,41.45391],[69.21021,41.45764],[69.22236,41.45952],[69.22676,41.46285],[69.23058,41.45935],[69.23487,41.45862],[69.23854,41.45966],[69.24037,41.46232],[69.24458,41.46222],[69.25006,41.46632],[69.25596,41.45773],[69.26243,41.45265],[69.27132,41.45236],[69.27827,41.44976],[69.2815,41.44577],[69.28524,41.44444],[69.28665,41.44164],[69.28933,41.44082],[69.29048,41.44205],[69.29038,41.43936],[69.29291,41.43974],[69.29177,41.43811],[69.29536,41.43783],[69.29646,41.43562],[69.29734,41.43743],[69.30081,41.43678],[69.30102,41.43948],[69.30313,41.43831],[69.30564,41.44022],[69.30599,41.43855],[69.31409,41.44005],[69.31364,41.44151],[69.32253,41.44819],[69.3225,41.44992],[69.32716,41.4497],[69.33601,41.45651],[69.33473,41.45745],[69.33698,41.45751],[69.33759,41.45915],[69.34118,41.45869],[69.34258,41.46049],[69.34521,41.45903],[69.34607,41.46266],[69.35475,41.46754],[69.35464,41.4726],[69.35883,41.47162],[69.35997,41.46952],[69.37972,41.46534],[69.41182,41.47047],[69.41122,41.4685],[69.41663,41.46583],[69.41559,41.46357],[69.42247,41.46392],[69.42401,41.46231],[69.4341,41.46103],[69.44094,41.46349],[69.4486,41.46428],[69.45183,41.46251],[69.45685,41.4646],[69.46058,41.4674],[69.4569,41.46884],[69.45845,41.47184],[69.45426,41.48814],[69.44555,41.48969],[69.43847,41.48788],[69.4244,41.49852],[69.40034,41.50324],[69.39768,41.50702],[69.40668,41.52417],[69.42766,41.5407],[69.44512,41.56316],[69.45259,41.56596],[69.45476,41.56931],[69.46062,41.56895],[69.46799,41.56264],[69.47661,41.55888],[69.48123,41.55102],[69.50027,41.54759],[69.52739,41.56354],[69.54933,41.5697],[69.54931,41.57271],[69.5377,41.57832],[69.53889,41.58866],[69.5498,41.59178],[69.55102,41.59524],[69.55706,41.59697],[69.55966,41.59945],[69.56017,41.60355],[69.56391,41.60626],[69.56586,41.61473],[69.57156,41.61716],[69.57647,41.62951],[69.59144,41.64069],[69.60753,41.64841],[69.61791,41.66334],[69.63028,41.6634],[69.6494,41.67037],[69.65501,41.66853],[69.66566,41.67046],[69.66853,41.66866],[69.68116,41.67749],[69.68992,41.67384],[69.69121,41.67518],[69.69751,41.674],[69.70536,41.67807],[69.71294,41.67688],[69.71541,41.67828],[69.71532,41.68347],[69.71761,41.68622],[69.72257,41.6863],[69.72514,41.68793],[69.72706,41.69292],[69.7373,41.69859],[69.74332,41.6991],[69.74562,41.70083],[69.76094,41.6966],[69.76634,41.6996],[69.77393,41.69653],[69.77743,41.69874],[69.79106,41.70192],[69.79217,41.70458],[69.79941,41.70793],[69.80425,41.70905],[69.81287,41.70819],[69.8176,41.71182],[69.82124,41.71176],[69.83912,41.72046],[69.84789,41.72044],[69.85885,41.71733],[69.86607,41.71069],[69.87427,41.70976],[69.88111,41.70668],[69.88961,41.70793],[69.89432,41.70676],[69.89568,41.70891],[69.9014,41.70906],[69.90712,41.71258],[69.91754,41.71369],[69.92259,41.71634],[69.92191,41.7246],[69.92474,41.72654],[69.93899,41.72546],[69.95768,41.73377],[69.96067,41.74159],[69.95733,41.75033],[69.95811,41.75172],[69.96256,41.75627],[69.97183,41.75649],[69.97533,41.75836],[69.97546,41.76086],[69.97185,41.76401],[69.97241,41.76959],[69.97951,41.77105],[69.98209,41.77898],[69.98078,41.78079],[69.98951,41.78521],[69.99041,41.78817],[69.99424,41.78725],[69.99988,41.78867],[69.99693,41.79683],[69.99783,41.79944],[69.99247,41.80029],[69.99921,41.80639],[70.00341,41.80638],[70.00236,41.80393],[70.00397,41.80164],[70.01321,41.79678],[70.02143,41.79586],[70.02135,41.79159],[70.02273,41.79001],[70.02132,41.78512],[70.02651,41.78546],[70.03469,41.78105],[70.03477,41.77653],[70.03864,41.77764],[70.0425,41.7757],[70.04768,41.77948],[70.05136,41.77967],[70.0493,41.78837],[70.05155,41.79378],[70.05096,41.79939],[70.05644,41.80431],[70.06782,41.8047],[70.07693,41.80867],[70.07842,41.81201],[70.0841,41.81419],[70.08948,41.82133],[70.09442,41.82231],[70.09614,41.82789],[70.10274,41.83731],[70.11804,41.83746],[70.1202,41.84057],[70.13552,41.84435],[70.1419,41.84227],[70.14676,41.83658],[70.15321,41.83977],[70.15772,41.84946],[70.16319,41.8501],[70.16959,41.85614],[70.17587,41.85531],[70.18453,41.8644],[70.18112,41.87225],[70.18111,41.8831],[70.18512,41.88298],[70.19706,41.88727],[70.19482,41.89088],[70.1989,41.89971],[70.19508,41.90186],[70.19648,41.90448],[70.20927,41.90369],[70.21416,41.90724],[70.2167,41.91295],[70.22048,41.91327],[70.22738,41.91723],[70.22842,41.92119],[70.22471,41.92368],[70.22352,41.92838],[70.22768,41.93072],[70.22805,41.93463],[70.2398,41.93945],[70.24097,41.94297],[70.24604,41.94364],[70.25349,41.94839],[70.25898,41.94931],[70.26144,41.95432],[70.26807,41.95206],[70.27391,41.9529],[70.28121,41.95673],[70.28807,41.95787],[70.29106,41.96246],[70.30492,41.96421],[70.30887,41.96818],[70.31615,41.96796],[70.31818,41.97044],[70.32808,41.97075],[70.32908,41.97299],[70.33525,41.97471],[70.33685,41.98471],[70.3343,41.9869],[70.33006,41.99707],[70.33276,42.01819],[70.33121,42.02207],[70.3233,42.02735],[70.31965,42.03679],[70.32484,42.04041],[70.33132,42.04174],[70.33278,42.04725],[70.35095,42.05077],[70.35561,42.05755],[70.364,42.05839],[70.37223,42.0644],[70.37351,42.06932],[70.3872,42.07111],[70.3923,42.06842],[70.40088,42.0694],[70.41017,42.07474],[70.4117,42.07768],[70.41637,42.07806],[70.42293,42.08344],[70.44212,42.09182],[70.45434,42.0857],[70.45902,42.08499],[70.46387,42.0931],[70.46737,42.09428],[70.4692,42.09773],[70.4743,42.10135],[70.47598,42.10931],[70.47811,42.10919],[70.49099,42.10471],[70.49476,42.09968],[70.50138,42.09914],[70.50676,42.08953],[70.51323,42.08809],[70.51469,42.08319],[70.51742,42.08203],[70.52981,42.08489],[70.5396,42.07932],[70.54553,42.07398],[70.54992,42.06771],[70.55163,42.05777],[70.55752,42.05215],[70.55653,42.05002],[70.55853,42.04303],[70.5487,42.03501],[70.55943,42.02351],[70.57652,42.02043],[70.58704,42.01019],[70.59293,42.01023],[70.60656,42.00685],[70.61284,42.01133],[70.62499,42.01528],[70.63917,42.01486],[70.63481,42.02061],[70.63642,42.02694],[70.64174,42.02961],[70.64743,42.03859],[70.65155,42.04142],[70.6524,42.04816],[70.65546,42.05358],[70.65571,42.06139],[70.66026,42.06796],[70.66507,42.0711],[70.66617,42.07759],[70.67878,42.08837],[70.6787,42.0982],[70.68629,42.11539],[70.68717,42.12109],[70.69505,42.12734],[70.70724,42.13032],[70.70786,42.13377],[70.71468,42.13863],[70.71463,42.14211],[70.7258,42.14782],[70.72621,42.15056],[70.72432,42.1537],[70.72599,42.15726],[70.73757,42.16577],[70.74423,42.16705],[70.74936,42.16578],[70.75266,42.17002],[70.75555,42.17095],[70.75348,42.17596],[70.74096,42.17894],[70.73909,42.18191],[70.73969,42.18439],[70.75093,42.1933],[70.76133,42.19181],[70.76801,42.19357],[70.77064,42.20096],[70.78911,42.20597],[70.79384,42.20945],[70.81725,42.20328],[70.82068,42.20046],[70.82639,42.19929],[70.83156,42.19519],[70.83595,42.19445],[70.84956,42.19759],[70.85455,42.2079],[70.86611,42.21184],[70.88591,42.21159],[70.88862,42.21365],[70.8879,42.22],[70.89492,42.2211],[70.90151,42.22555],[70.90979,42.22677],[70.91169,42.22837],[70.91056,42.23171],[70.91359,42.23604],[70.92651,42.23754],[70.9255,42.24293],[70.92959,42.24786],[70.9348,42.25065],[70.9433,42.26347],[70.94557,42.26426],[70.96286,42.25634],[70.98459,42.25436],[70.98848,42.25271],[70.99632,42.25613],[71.0005,42.25608],[71.00439,42.26008],[71.00481,42.26436],[71.00789,42.26542],[71.00445,42.27077],[71.0077,42.27332],[71.00859,42.27771],[71.01774,42.28091],[71.02196,42.28896],[71.02605,42.29296],[71.03277,42.2932],[71.0357,42.29147],[71.04018,42.29442],[71.03977,42.29051],[71.0492,42.29055],[71.05839,42.29508],[71.06369,42.2949],[71.06779,42.28925],[71.07637,42.28345],[71.08152,42.28432],[71.09203,42.28252],[71.10658,42.27394],[71.1216,42.27779],[71.1234,42.27887],[71.12454,42.28347],[71.13347,42.28218],[71.14037,42.2768],[71.14027,42.27266],[71.14758,42.26829],[71.15176,42.26356],[71.16559,42.25881],[71.17134,42.25217],[71.17839,42.25158],[71.19118,42.24121],[71.19331,42.24061],[71.20017,42.24359],[71.20896,42.23709],[71.20515,42.22765],[71.20947,42.22427],[71.21508,42.22253],[71.22712,42.22368],[71.23328,42.22938],[71.23839,42.22725],[71.24502,42.22779],[71.24535,42.21916],[71.25124,42.21347],[71.25053,42.211],[71.26719,42.20533],[71.26545,42.2002],[71.26909,42.19637],[71.25854,42.18958],[71.2562,42.18352],[71.2505,42.18182],[71.25439,42.17531],[71.25921,42.17262],[71.25836,42.16794],[71.25364,42.16515],[71.24721,42.16602],[71.23775,42.15318],[71.22021,42.14877],[71.22171,42.14606],[71.22659,42.14368],[71.22274,42.13957],[71.21787,42.13721],[71.21018,42.13604],[71.19952,42.13764],[71.19537,42.14355],[71.18319,42.14166],[71.17555,42.14406],[71.1647,42.1391],[71.15271,42.13028],[71.14112,42.13397],[71.1372,42.12835],[71.13607,42.12342],[71.12984,42.1165],[71.11708,42.11271],[71.11359,42.11277],[71.10763,42.11582],[71.10356,42.11289],[71.09967,42.09462],[71.08457,42.09436],[71.07588,42.0907],[71.06816,42.08521],[71.05637,42.08524],[71.05645,42.08283],[71.04943,42.08106],[71.04608,42.07512],[71.04673,42.0712],[71.04014,42.06365],[71.02896,42.06772],[71.0253,42.06422],[71.02467,42.06118],[71.01536,42.06111],[71.00645,42.05698],[71.01226,42.05444],[71.01348,42.05236],[71.0106,42.04882],[71.00209,42.0441],[71.00216,42.04102],[70.99275,42.03041],[70.97924,42.03293],[70.96109,42.0308],[70.9422,42.03118],[70.92975,42.03452],[70.91445,42.04191],[70.91033,42.04028],[70.90059,42.04093],[70.8967,42.044],[70.89611,42.04819],[70.89348,42.05034],[70.88814,42.05192],[70.88532,42.04732],[70.87899,42.04613],[70.86517,42.05413],[70.86076,42.04829],[70.86133,42.04279],[70.85563,42.0399],[70.85624,42.03329],[70.85983,42.02948],[70.85911,42.0268],[70.84692,42.0185],[70.84729,42.01576],[70.84228,42.01257],[70.84226,42.0056],[70.83788,41.9997],[70.84532,41.99209],[70.85203,41.98898],[70.8523,41.9856],[70.84857,41.97655],[70.85073,41.97141],[70.85067,41.9665],[70.85302,41.96318],[70.85294,41.95726],[70.85578,41.95533],[70.8555,41.95055],[70.85192,41.94789],[70.85391,41.94152],[70.84581,41.93889],[70.84472,41.93362],[70.8348,41.92311],[70.8261,41.92641],[70.81558,41.92655],[70.80686,41.92062],[70.79002,41.92911],[70.78411,41.92642],[70.78033,41.92663],[70.77328,41.92838],[70.76666,41.93559],[70.75723,41.93642],[70.75827,41.93228],[70.75733,41.91815],[70.75268,41.91274],[70.73847,41.91389],[70.7315,41.91767],[70.73036,41.9205],[70.71374,41.9205],[70.70766,41.9198],[70.69391,41.91456],[70.68724,41.91557],[70.67829,41.91287],[70.67342,41.90842],[70.66496,41.90695],[70.66078,41.90113],[70.66274,41.89727],[70.66198,41.8939],[70.65435,41.88435],[70.64919,41.88224],[70.64593,41.87418],[70.63797,41.87214],[70.63974,41.86831],[70.63614,41.86578],[70.6342,41.86139],[70.63122,41.85991],[70.62875,41.85332],[70.62686,41.85176],[70.61915,41.85129],[70.61411,41.85311],[70.60336,41.85072],[70.59775,41.83531],[70.59666,41.82437],[70.59932,41.81983],[70.59415,41.81795],[70.57853,41.81975],[70.56911,41.81065],[70.56431,41.81075],[70.56046,41.80785],[70.55427,41.80776],[70.54305,41.80142],[70.53569,41.79926],[70.5275,41.79858],[70.51525,41.78431],[70.51493,41.78033],[70.50869,41.77205],[70.5089,41.76131],[70.50475,41.75064],[70.50889,41.7468],[70.50593,41.7429],[70.5067,41.73659],[70.50343,41.73416],[70.49669,41.71969],[70.47584,41.72234],[70.4668,41.72063],[70.46488,41.71691],[70.45678,41.71101],[70.44981,41.70255],[70.4364,41.70042],[70.42135,41.69276],[70.41973,41.69041],[70.41028,41.68984],[70.39657,41.68418],[70.38567,41.67388],[70.38534,41.67156],[70.37705,41.6618],[70.37582,41.65722],[70.36707,41.64748],[70.35039,41.64293],[70.3419,41.63816],[70.32203,41.63684],[70.30185,41.63122],[70.29261,41.62169],[70.27895,41.61973],[70.2752,41.61302],[70.26584,41.60746],[70.2632,41.60738],[70.25716,41.61244],[70.25224,41.61382],[70.24934,41.61257],[70.2453,41.61599],[70.24066,41.61712],[70.22723,41.61068],[70.20925,41.61196],[70.2108,41.60733],[70.20828,41.6042],[70.21578,41.59503],[70.21471,41.58584],[70.21011,41.57907],[70.20862,41.5733],[70.19172,41.56908],[70.18795,41.56225],[70.17929,41.5575],[70.18408,41.55247],[70.18757,41.54496],[70.18453,41.54235],[70.18137,41.52735],[70.17491,41.52518],[70.16896,41.51535],[70.1723,41.51682],[70.18622,41.50917],[70.21117,41.5042],[70.21765,41.49956],[70.21926,41.49585],[70.22916,41.49165],[70.24044,41.49139],[70.25277,41.49559],[70.2673,41.49812],[70.27321,41.50287],[70.27633,41.51173],[70.28774,41.51486],[70.29903,41.52065],[70.30314,41.52061],[70.31094,41.51057],[70.32049,41.50676],[70.32504,41.50048],[70.33839,41.5004],[70.33889,41.49728],[70.34801,41.49298],[70.36347,41.49269],[70.37267,41.48262],[70.37196,41.47759],[70.37806,41.46835],[70.38088,41.4666],[70.3925,41.46835],[70.39614,41.47102],[70.40746,41.47036],[70.41103,41.46071],[70.41659,41.45766],[70.41877,41.45438],[70.43857,41.44637],[70.44214,41.44014],[70.44757,41.43842],[70.45204,41.43351],[70.46388,41.42691],[70.47014,41.4162],[70.46917,41.40944],[70.47337,41.4084],[70.48801,41.39817],[70.49527,41.39755],[70.50456,41.40295],[70.50984,41.39947],[70.51374,41.39888],[70.51759,41.40188],[70.53523,41.40886],[70.54109,41.41024],[70.54911,41.40869],[70.55151,41.41024],[70.55291,41.42091],[70.5602,41.42547],[70.56757,41.42684],[70.56642,41.43237],[70.56963,41.43741],[70.56855,41.44054],[70.56983,41.44255],[70.57402,41.44374],[70.58587,41.44295],[70.59069,41.44549],[70.59174,41.44659],[70.59094,41.45415],[70.59426,41.45682],[70.60814,41.45248],[70.61971,41.45956],[70.62693,41.4595],[70.63078,41.46112],[70.63826,41.4571],[70.64808,41.45789],[70.666,41.47018],[70.67812,41.46987],[70.68263,41.47161],[70.6868,41.47187],[70.68977,41.46852],[70.70157,41.46569],[70.71716,41.46579],[70.71777,41.45987],[70.71531,41.45359],[70.72088,41.44213],[70.73307,41.43506],[70.7344,41.4272],[70.73811,41.42682],[70.74254,41.41959],[70.74991,41.4161],[70.75736,41.40354],[70.76665,41.39897],[70.77139,41.39265],[70.77951,41.38661],[70.77875,41.37555],[70.77507,41.37082],[70.77912,41.36606],[70.78118,41.35438],[70.78456,41.35305],[70.78707,41.34872],[70.77996,41.34481],[70.7807,41.3386],[70.77703,41.33168],[70.78275,41.33041],[70.78531,41.32566],[70.78384,41.32041],[70.77744,41.3168],[70.77321,41.30565],[70.77845,41.28758],[70.77718,41.2802],[70.77017,41.27109],[70.76844,41.26516],[70.774,41.25776],[70.77268,41.24415],[70.77596,41.21655],[70.78142,41.20724],[70.78256,41.19838],[70.78633,41.19485],[70.78767,41.20046],[70.79592,41.21127],[70.79749,41.21559],[70.79622,41.22332],[70.79957,41.23055],[70.80725,41.23181],[70.81466,41.23845],[70.82444,41.24135],[70.82905,41.24735],[70.83423,41.2502],[70.84088,41.25099],[70.85009,41.24862],[70.85524,41.25026],[70.85873,41.24539],[70.87647,41.23351],[70.87985,41.22939],[70.88054,41.22323],[70.88424,41.22196],[70.88887,41.21411],[70.89671,41.20859],[70.90415,41.20675],[70.90747,41.20269],[70.92051,41.19482],[70.93413,41.19128],[70.94233,41.17591],[70.95064,41.16928],[70.96578,41.16354],[70.96674,41.16673],[70.97829,41.16929],[70.99194,41.17786],[70.9965,41.17671],[71.01339,41.18527],[71.02581,41.18772],[71.0298,41.18693],[71.03505,41.19063],[71.03894,41.19042],[71.0494,41.18146],[71.07401,41.17565],[71.0774,41.17221],[71.07894,41.16769],[71.08442,41.16808],[71.08652,41.16408],[71.10005,41.15359],[71.10625,41.1546],[71.11191,41.14733],[71.12391,41.14325],[71.12712,41.14358],[71.14391,41.15252],[71.16176,41.16691],[71.16736,41.1694],[71.17767,41.16908],[71.18784,41.18089],[71.1954,41.18574],[71.20238,41.18554],[71.21165,41.16825],[71.21777,41.16732],[71.2245,41.171],[71.22435,41.18631],[71.23043,41.19202],[71.2399,41.19123],[71.25184,41.18315],[71.25747,41.18636],[71.26694,41.18029],[71.27252,41.17339],[71.2782,41.15001],[71.27508,41.11333],[71.27981,41.10587],[71.27938,41.10191],[71.27724,41.09942],[71.28301,41.10165],[71.29348,41.10247],[71.29314,41.10528],[71.30383,41.10933],[71.30363,41.11094],[71.31112,41.11262],[71.32232,41.12182],[71.35042,41.12754],[71.35225,41.1248],[71.35671,41.12512],[71.36888,41.12096],[71.37316,41.12098],[71.37322,41.1254],[71.38141,41.12603],[71.37868,41.11887],[71.38777,41.12084],[71.39569,41.10731],[71.43201,41.1326],[71.44097,41.14618],[71.45165,41.157],[71.45192,41.16068],[71.4494,41.16496],[71.4455,41.16492],[71.44612,41.16702],[71.44304,41.16872],[71.44189,41.1722],[71.43807,41.17011],[71.43624,41.17098],[71.43615,41.17845],[71.43295,41.17844],[71.43063,41.18819],[71.44251,41.1946],[71.4485,41.20108],[71.4587,41.20734],[71.45786,41.21008],[71.46024,41.21337],[71.45723,41.2152],[71.45806,41.21802],[71.45611,41.22189],[71.44843,41.22535],[71.44804,41.22706],[71.45416,41.23651],[71.45184,41.24215],[71.44236,41.24813],[71.44435,41.25419],[71.44775,41.25821],[71.45687,41.26256],[71.45383,41.26752],[71.45028,41.26858],[71.45235,41.27802],[71.44745,41.28097],[71.44661,41.28504],[71.46535,41.29576],[71.47051,41.29683],[71.48935,41.29478],[71.49815,41.29653],[71.49976,41.29939],[71.5114,41.30662],[71.51642,41.30739],[71.51988,41.3039],[71.5236,41.29151],[71.53703,41.29442],[71.56027,41.28999],[71.56981,41.29551],[71.58235,41.30683],[71.59185,41.31079],[71.60129,41.32201],[71.6032,41.32202],[71.60496,41.32705],[71.61092,41.33502],[71.61465,41.33625],[71.6203,41.33552],[71.63635,41.3425],[71.63966,41.35265],[71.64499,41.35443],[71.64659,41.35935],[71.65043,41.36214],[71.65046,41.36552],[71.65466,41.36859],[71.66234,41.38212],[71.65825,41.38729],[71.65916,41.3896],[71.65083,41.39314],[71.65061,41.39825],[71.65385,41.4001],[71.66161,41.40002],[71.6657,41.40156],[71.66539,41.40443],[71.66769,41.40627],[71.67137,41.40788],[71.67514,41.40715],[71.67125,41.4112],[71.67888,41.41582],[71.68079,41.42205],[71.67714,41.42596],[71.67784,41.4327],[71.67541,41.43369],[71.67598,41.43513],[71.67315,41.43796],[71.67203,41.44392],[71.66314,41.45199],[71.66559,41.45803],[71.6645,41.46366],[71.65939,41.46509],[71.65109,41.48197],[71.64153,41.4779],[71.63916,41.47905],[71.62941,41.4777],[71.62407,41.47599],[71.62009,41.47245],[71.6059,41.47342],[71.60159,41.4768],[71.6129,41.48124],[71.61825,41.48563],[71.61805,41.48757],[71.62411,41.48877],[71.63039,41.48645],[71.63509,41.48904],[71.64316,41.48708],[71.66096,41.49237],[71.6652,41.49735],[71.67027,41.49776],[71.67389,41.50567],[71.67843,41.509],[71.67658,41.51493],[71.69236,41.52496],[71.69217,41.52728],[71.69836,41.52877],[71.69777,41.53209],[71.69944,41.5353],[71.70621,41.53557],[71.70605,41.54233],[71.71074,41.54285],[71.71743,41.54824],[71.72316,41.54783],[71.73357,41.54348],[71.73715,41.53876],[71.73527,41.53587],[71.73693,41.53344],[71.73214,41.52716],[71.72755,41.52512],[71.72651,41.5263],[71.72084,41.52361],[71.71986,41.52153],[71.72279,41.52003],[71.72495,41.52136],[71.72935,41.51728],[71.73393,41.51606],[71.73173,41.51505],[71.72979,41.51127],[71.73127,41.50957],[71.72811,41.50875],[71.72976,41.50478],[71.72303,41.50065],[71.72778,41.49324],[71.72433,41.49199],[71.71875,41.49448],[71.71644,41.49218],[71.71272,41.49327],[71.71498,41.48756],[71.71099,41.48765],[71.7178,41.47311],[71.71619,41.47183],[71.71985,41.4705],[71.72013,41.46785],[71.72196,41.46685],[71.71753,41.46044],[71.7151,41.46083],[71.70971,41.45794],[71.70696,41.45859],[71.70815,41.45463],[71.70294,41.45218],[71.69688,41.44533],[71.69868,41.44316],[71.69571,41.43802],[71.69435,41.42873],[71.68816,41.41951],[71.68944,41.41625],[71.69576,41.41296],[71.70549,41.40448],[71.7064,41.40188],[71.71215,41.39903],[71.71717,41.40194],[71.72489,41.40233],[71.72783,41.40889],[71.72837,41.4128],[71.72069,41.41569],[71.72091,41.41857],[71.72821,41.4257],[71.72023,41.43374],[71.72457,41.43496],[71.72245,41.43596],[71.72982,41.44424],[71.73594,41.44261],[71.74206,41.44317],[71.74831,41.44088],[71.75293,41.43416],[71.75956,41.43528],[71.76986,41.44616],[71.77362,41.44796],[71.79209,41.43948],[71.79489,41.42883],[71.79458,41.41999],[71.79279,41.4172],[71.79702,41.40851],[71.79971,41.40806],[71.80447,41.39988],[71.80634,41.39945],[71.80786,41.40107],[71.8127,41.39581],[71.81244,41.39319],[71.82015,41.39154],[71.82745,41.3869],[71.83097,41.38765],[71.83081,41.37673],[71.83579,41.37674],[71.84067,41.37448],[71.83552,41.36855],[71.83348,41.36223],[71.83419,41.35905],[71.83827,41.35473],[71.84319,41.3525],[71.86667,41.34915],[71.86754,41.35298],[71.87262,41.35561],[71.87856,41.36437],[71.88262,41.362],[71.88437,41.36021],[71.88313,41.35732],[71.89208,41.35047],[71.89344,41.34268],[71.88041,41.33785],[71.88744,41.3258],[71.90031,41.30906],[71.92519,41.29456],[71.91425,41.28536],[71.91644,41.2846],[71.91345,41.28374],[71.90926,41.27793],[71.91345,41.25797],[71.89917,41.25456],[71.89538,41.25009],[71.89543,41.24126],[71.89075,41.23845],[71.88981,41.23303],[71.86932,41.21761],[71.86201,41.20085],[71.8636,41.19746],[71.87164,41.19427],[71.88381,41.19326],[71.88516,41.19055],[71.88335,41.17883],[71.88636,41.16781],[71.89537,41.16188],[71.90457,41.15933],[71.91374,41.16053],[71.91765,41.15623],[71.92399,41.15639],[71.93049,41.1524],[71.93498,41.15167],[71.94263,41.14536],[71.95164,41.1461],[71.96017,41.15697],[72.0066,41.15652],[72.00625,41.15201],[72.01281,41.14236],[72.02639,41.13653],[72.03573,41.13595],[72.04768,41.13242],[72.05054,41.12981],[72.05399,41.12947],[72.05555,41.1272],[72.06019,41.12603],[72.0643,41.1213],[72.07109,41.11744],[72.07416,41.12168],[72.0937,41.13477],[72.09544,41.14108],[72.10738,41.15284],[72.11056,41.15399],[72.12035,41.15334],[72.13697,41.16235],[72.14692,41.15922],[72.15538,41.1602],[72.16384,41.16411],[72.16645,41.16211],[72.16856,41.164],[72.17636,41.15584],[72.16489,41.14464],[72.15151,41.13835],[72.14567,41.13761],[72.15087,41.13689],[72.15003,41.12534],[72.16321,41.12255],[72.1687,41.119],[72.17887,41.11666],[72.17954,41.10643],[72.18583,41.104],[72.18658,41.10163],[72.19003,41.10216],[72.19311,41.08614],[72.20149,41.07294],[72.2032,41.06452],[72.20738,41.06192],[72.21011,41.05082],[72.20776,41.02847],[72.20515,41.02787],[72.19747,41.03107],[72.19695,41.02812],[72.19084,41.02129],[72.1824,41.0069],[72.16153,41.0134],[72.15903,41.00532],[72.16576,41.00214],[72.17154,40.99484],[72.172,40.98787],[72.1753,40.98809],[72.18224,40.99264],[72.18452,40.99687],[72.20039,40.99869],[72.20891,40.99759],[72.20902,40.99881],[72.21357,40.99997],[72.23848,41.00208],[72.24202,41.00508],[72.24661,41.00378],[72.24429,41.00257],[72.24605,41.00104],[72.25986,41.00593],[72.25963,41.00767],[72.26591,41.01153],[72.27076,41.01109],[72.27901,41.01599],[72.27994,41.01878],[72.28834,41.0241],[72.2879,41.02591],[72.29092,41.02732],[72.28973,41.02843],[72.2945,41.02981],[72.30178,41.02905],[72.30617,41.03012],[72.30823,41.03246],[72.30902,41.03061],[72.31238,41.03011],[72.33029,41.03693],[72.32972,41.03914],[72.33255,41.04167],[72.33945,41.04461],[72.34719,41.05942],[72.35039,41.06035],[72.35094,41.05742],[72.35712,41.04915],[72.36197,41.04571],[72.36058,41.04424],[72.36603,41.04185],[72.37716,41.04096],[72.38136,41.03157],[72.39003,41.02841],[72.41678,41.0264],[72.41827,41.02845],[72.42203,41.02908],[72.42612,41.03445],[72.44249,41.03171],[72.44334,41.03048],[72.44437,41.0316],[72.45301,41.02748],[72.46737,41.01543],[72.48039,41.00834],[72.48647,41.00264],[72.48802,40.99842],[72.48549,40.99086],[72.49683,40.9883],[72.49816,40.98628],[72.5016,40.98716],[72.50025,40.98432],[72.4878,40.97452],[72.49082,40.97007],[72.49579,40.96747],[72.49754,40.96854],[72.49971,40.96729],[72.50557,40.971],[72.50758,40.96842],[72.51968,40.96945],[72.52487,40.96604],[72.52107,40.96187],[72.52512,40.95958],[72.52919,40.96393],[72.53155,40.96133],[72.5381,40.96166],[72.54483,40.9658],[72.55147,40.96182],[72.5497,40.95754],[72.55672,40.95477],[72.5614,40.9488],[72.56245,40.94624],[72.56063,40.94343],[72.56317,40.94261],[72.56411,40.93864],[72.56938,40.93444],[72.57704,40.92259],[72.58916,40.91241],[72.59293,40.90505],[72.584,40.88937],[72.57337,40.87993],[72.57282,40.87754],[72.57651,40.87555],[72.58994,40.87325],[72.59617,40.87029],[72.60853,40.87318],[72.61658,40.86683],[72.6597,40.85482],[72.67636,40.85166],[72.69169,40.85096],[72.69772,40.85462],[72.7126,40.84869],[72.77221,40.85312],[72.82142,40.85395],[72.8293,40.85682],[72.83401,40.85598],[72.88069,40.83741],[72.89227,40.82986],[72.89978,40.82195],[72.90031,40.81554],[72.91609,40.8066],[72.93905,40.80042],[72.95813,40.805],[72.95706,40.80777],[72.95877,40.81585],[72.96249,40.8172],[72.96226,40.8185],[72.96603,40.8214],[72.96922,40.82201],[72.96963,40.82014],[72.97244,40.82131],[72.97619,40.81974],[72.97594,40.82256],[72.97932,40.82408],[72.98047,40.82665],[72.97991,40.82949],[72.99469,40.83143],[72.99777,40.83392],[72.99994,40.8429],[73.00588,40.83961],[73.01242,40.84459],[73.01842,40.84638],[73.0238,40.84561],[73.0256,40.84177],[73.02927,40.83896],[73.04356,40.84692],[73.04678,40.84408],[73.0575,40.84421],[73.06237,40.84123],[73.11449,40.8443],[73.12129,40.8384],[73.13215,40.84149],[73.13874,40.84152],[73.14649,40.83232],[73.14574,40.82724],[73.1485,40.81608],[73.13993,40.80913],[73.1416,40.79304],[73.14355,40.79314],[73.16287,40.81086],[73.17553,40.81763],[73.19231,40.82179],[73.19684,40.81996],[73.20093,40.82124],[73.20412,40.81957],[73.20261,40.8229],[73.20833,40.82203],[73.20801,40.82075],[73.21149,40.81878],[73.21477,40.8198],[73.20493,40.81492],[73.20315,40.8123],[73.19404,40.80674],[73.17751,40.80249],[73.16666,40.79421],[73.16691,40.79135],[73.1641,40.78908],[73.16719,40.7869],[73.18037,40.78581],[73.18724,40.78021],[73.19188,40.78068],[73.19502,40.77922],[73.19621,40.77508],[73.19301,40.77371],[73.19392,40.77154],[73.19218,40.77106],[73.19168,40.77263],[73.1895,40.77052],[73.19056,40.76996],[73.1876,40.76894],[73.18911,40.7649],[73.18721,40.76625],[73.18348,40.76416],[73.18563,40.7615],[73.18861,40.761],[73.19529,40.76313],[73.19513,40.76095],[73.18859,40.76017],[73.18946,40.75869],[73.18495,40.76006],[73.18818,40.75642],[73.19207,40.75623],[73.19022,40.75529],[73.19109,40.75306],[73.18539,40.7534],[73.18415,40.75497],[73.17947,40.75558],[73.17909,40.75729],[73.17693,40.757],[73.17684,40.75879],[73.1753,40.75854],[73.16896,40.76392],[73.16973,40.76707],[73.16606,40.7705],[73.15969,40.77063],[73.15457,40.7741],[73.1374,40.77064],[73.13176,40.76593],[73.13274,40.76312],[73.12849,40.76497],[73.11773,40.76219],[73.12304,40.75711],[73.12477,40.74998],[73.13727,40.7416],[73.13892,40.73497],[73.14264,40.7299],[73.14935,40.72549],[73.1487,40.72237],[73.15006,40.72089],[73.1477,40.71918],[73.14813,40.71692],[73.14532,40.71656],[73.1466,40.71475],[73.1452,40.71175],[73.14159,40.71218],[73.14195,40.70996],[73.13772,40.70793],[73.13435,40.70823],[73.13392,40.70984],[73.13392,40.70662],[73.13234,40.70519],[73.13051,40.70686],[73.13142,40.70837],[73.12868,40.70736],[73.12955,40.70976],[73.12845,40.7104],[73.12877,40.7091],[73.12593,40.71003],[73.12518,40.70629],[73.12261,40.71916],[73.1208,40.71883],[73.12103,40.71737],[73.11849,40.71985],[73.11321,40.71758],[73.11048,40.71872],[73.10847,40.72878],[73.11323,40.7429],[73.10909,40.75168],[73.10295,40.74826],[73.10773,40.75503],[73.10124,40.76021],[73.09325,40.76043],[73.09067,40.75636],[73.0894,40.75998],[73.08536,40.75786],[73.08599,40.76188],[73.07838,40.76445],[73.07349,40.76212],[73.07166,40.76739],[73.06888,40.76544],[73.07049,40.75778],[73.06927,40.75561],[73.07249,40.7516],[73.06891,40.74946],[73.06852,40.7406],[73.0667,40.74386],[73.0679,40.74614],[73.06451,40.75001],[73.06575,40.75541],[73.0628,40.7568],[73.0626,40.759],[73.06485,40.76006],[73.06404,40.76254],[73.05721,40.76763],[73.05236,40.76455],[73.04401,40.76575],[73.03684,40.76455],[73.0202,40.76772],[73.00455,40.76373],[72.99106,40.76463],[72.96729,40.75044],[72.94613,40.73196],[72.93399,40.73118],[72.91688,40.72337],[72.89623,40.71925],[72.87275,40.71125],[72.85332,40.71233],[72.85329,40.70827],[72.85969,40.70757],[72.85844,40.7007],[72.86541,40.70068],[72.8466,40.67263],[72.81995,40.67687],[72.81479,40.67594],[72.80137,40.67726],[72.7982,40.67185],[72.79279,40.67425],[72.78451,40.66392],[72.77926,40.66086],[72.78127,40.6484],[72.76886,40.64682],[72.77499,40.63854],[72.75779,40.62357],[72.75662,40.61849],[72.74942,40.60753],[72.75031,40.60235],[72.749,40.59632],[72.7565,40.58228],[72.75515,40.58092],[72.76071,40.57733],[72.7591,40.57194],[72.7535,40.57415],[72.75079,40.57124],[72.74761,40.5714],[72.74779,40.57372],[72.7449,40.57463],[72.74762,40.57732],[72.74787,40.58],[72.73993,40.58426],[72.73464,40.58224],[72.72854,40.58664],[72.71756,40.58985],[72.71307,40.5863],[72.70834,40.58585],[72.70107,40.58783],[72.70204,40.59166],[72.69416,40.59508],[72.69478,40.59792],[72.67269,40.59083],[72.66652,40.58682],[72.66678,40.58564],[72.66374,40.5854],[72.66481,40.5843],[72.66198,40.5825],[72.66543,40.58237],[72.6635,40.58028],[72.66793,40.5786],[72.66875,40.57374],[72.67337,40.56711],[72.67274,40.56399],[72.66902,40.56293],[72.66645,40.56442],[72.66369,40.56147],[72.66838,40.55754],[72.66935,40.52338],[72.65531,40.51049],[72.63291,40.51098],[72.61012,40.51581],[72.60331,40.5235],[72.58298,40.53598],[72.57062,40.53775],[72.55117,40.53706],[72.54298,40.5405],[72.53666,40.54055],[72.53347,40.54342],[72.52878,40.54355],[72.52649,40.54619],[72.5181,40.54596],[72.51178,40.54958],[72.51062,40.55622],[72.50764,40.55803],[72.50732,40.56064],[72.50382,40.5633],[72.49972,40.56985],[72.49528,40.57068],[72.49223,40.56878],[72.49338,40.55508],[72.49102,40.5529],[72.48125,40.55196],[72.4797,40.5495],[72.47602,40.55056],[72.4506,40.57302],[72.43621,40.59566],[72.43057,40.60186],[72.41546,40.60951],[72.41288,40.61639],[72.40834,40.61818],[72.3957,40.61694],[72.38988,40.6121],[72.38627,40.61341],[72.3839,40.61137],[72.3851,40.6106],[72.38542,40.60399],[72.38335,40.60152],[72.38084,40.60346],[72.37716,40.60252],[72.37482,40.60433],[72.35433,40.60217],[72.34993,40.60393],[72.34624,40.603],[72.34449,40.60102],[72.36516,40.58847],[72.3725,40.58013],[72.37984,40.57682],[72.39475,40.57534],[72.39626,40.57399],[72.39168,40.57112],[72.38936,40.5727],[72.38763,40.57167],[72.38986,40.56588],[72.40895,40.56125],[72.41424,40.5631],[72.42018,40.56149],[72.41561,40.55634],[72.41606,40.55172],[72.41988,40.54922],[72.41802,40.54795],[72.41964,40.54285],[72.42571,40.54135],[72.42599,40.53958],[72.42272,40.53987],[72.4177,40.53449],[72.4088,40.53333],[72.40425,40.52848],[72.40545,40.52609],[72.40317,40.5252],[72.39535,40.52308],[72.38258,40.52274],[72.38396,40.51858],[72.37864,40.51636],[72.37857,40.51183],[72.3937,40.50695],[72.40793,40.50929],[72.41508,40.50844],[72.41495,40.50622],[72.41949,40.5038],[72.42442,40.48483],[72.43664,40.48014],[72.43237,40.46487],[72.43536,40.45646],[72.42108,40.45171],[72.41906,40.45042],[72.41735,40.4456],[72.41618,40.42927],[72.42216,40.41548],[72.42081,40.40493],[72.41704,40.40232],[72.41051,40.40124],[72.37854,40.40752],[72.36877,40.41207],[72.3622,40.41876],[72.32992,40.43637],[72.31928,40.43846],[72.31213,40.44551],[72.30819,40.44354],[72.30311,40.43803],[72.27781,40.43424],[72.2727,40.43841],[72.2719,40.45122],[72.2435,40.4603],[72.25371,40.48101],[72.24308,40.48663],[72.24184,40.48303],[72.20052,40.48693],[72.19868,40.48125],[72.19311,40.48112],[72.18751,40.48545],[72.18628,40.49606],[72.1765,40.49248],[72.17619,40.49513],[72.17395,40.49586],[72.17245,40.49459],[72.1721,40.48575],[72.15921,40.48317],[72.14813,40.47327],[72.1281,40.45968],[72.13019,40.45679],[72.12136,40.45749],[72.10137,40.43932],[72.10038,40.43379],[72.10172,40.43097],[72.10744,40.4291],[72.11096,40.42984],[72.1131,40.4279],[72.10767,40.42099],[72.10061,40.41706],[72.09755,40.41312],[72.09866,40.41176],[72.09298,40.41127],[72.09202,40.40857],[72.08789,40.40766],[72.08911,40.40508],[72.0875,40.40404],[72.06645,40.3954],[72.06115,40.3858],[72.05706,40.38572],[72.05512,40.38098],[72.04385,40.37833],[72.04829,40.37081],[72.02646,40.36028],[71.99977,40.34165],[72.00075,40.34075],[71.99842,40.33784],[71.9904,40.3359],[71.96534,40.32119],[71.96712,40.31558],[71.97216,40.3122],[71.97224,40.31069],[71.98287,40.3047],[71.98372,40.3022],[71.99006,40.30092],[71.99399,40.29744],[72.00232,40.29801],[72.00862,40.29506],[72.03284,40.29201],[72.04998,40.28748],[72.05278,40.28461],[72.05121,40.27777],[72.03196,40.27263],[72.02444,40.26851],[72.02545,40.26692],[72.02437,40.26473],[72.01238,40.27271],[72.00436,40.27583],[71.99003,40.26836],[71.98498,40.26126],[71.97853,40.25658],[71.94925,40.25618],[71.93948,40.25017],[71.9562,40.24802],[71.95727,40.24624],[71.96676,40.2447],[71.96311,40.24081],[71.94539,40.2379],[71.93742,40.23831],[71.93149,40.24219],[71.92702,40.24195],[71.92686,40.25147],[71.92141,40.25481],[71.91771,40.25474],[71.91195,40.25732],[71.90059,40.25732],[71.89138,40.26055],[71.88645,40.26004],[71.88463,40.26258],[71.87375,40.26204],[71.86543,40.25774],[71.84486,40.25329],[71.84115,40.2538],[71.83919,40.25219],[71.83854,40.2482],[71.83131,40.24581],[71.83151,40.24325],[71.82858,40.2411],[71.83128,40.21844],[71.8365,40.21055],[71.83189,40.20594],[71.8135,40.20499],[71.80805,40.1967],[71.79847,40.19084],[71.79829,40.19698],[71.78211,40.19287],[71.77842,40.19349],[71.77752,40.18626],[71.76861,40.18463],[71.76864,40.17891],[71.75355,40.1757],[71.74932,40.16948],[71.73505,40.16257],[71.73213,40.15399],[71.73469,40.15315],[71.73536,40.1487],[71.73072,40.14857],[71.72376,40.15002],[71.72182,40.15371],[71.72319,40.15573],[71.72337,40.16753],[71.72172,40.1714],[71.7153,40.17729],[71.70161,40.17807],[71.68931,40.18734],[71.68549,40.18693],[71.68497,40.18912],[71.68137,40.18896],[71.68325,40.19534],[71.70239,40.19119],[71.69512,40.1971],[71.69279,40.20518],[71.69979,40.20759],[71.70164,40.20371],[71.70616,40.20138],[71.70656,40.20275],[71.69901,40.21496],[71.69768,40.22086],[71.6942,40.22475],[71.70082,40.23577],[71.69871,40.24428],[71.69423,40.2483],[71.68738,40.25065],[71.68153,40.25592],[71.68015,40.26108],[71.67311,40.26965],[71.65283,40.27131],[71.64519,40.26977],[71.64374,40.26718],[71.63386,40.26469],[71.63164,40.26488],[71.62928,40.26785],[71.62008,40.26713],[71.61885,40.2588],[71.62024,40.25734],[71.61991,40.25573],[71.61817,40.25565],[71.61824,40.25245],[71.61899,40.25026],[71.62233,40.24895],[71.61958,40.23805],[71.62403,40.23076],[71.62515,40.22142],[71.62869,40.21752],[71.62666,40.21486],[71.61534,40.21817],[71.61562,40.21646],[71.61765,40.21644],[71.621,40.21331],[71.61919,40.20745],[71.59555,40.2115],[71.59257,40.21795],[71.58027,40.21869],[71.58,40.21424],[71.57822,40.21476],[71.57823,40.21674],[71.56442,40.21587],[71.53081,40.22634],[71.52034,40.22591],[71.51294,40.23099],[71.51758,40.23871],[71.51149,40.24416],[71.51292,40.25044],[71.51096,40.25722],[71.51261,40.26359],[71.51065,40.26668],[71.51144,40.26936],[71.50078,40.27768],[71.49713,40.27722],[71.49149,40.27982],[71.47817,40.27498],[71.47153,40.27729],[71.45969,40.2774],[71.42798,40.28405],[71.41408,40.29117],[71.39881,40.30195],[71.39717,40.30636],[71.39128,40.30909],[71.38157,40.30643],[71.37657,40.30756],[71.36741,40.30605],[71.36782,40.30921],[71.37664,40.31423],[71.37526,40.31654],[71.37178,40.3154],[71.36906,40.31882],[71.35819,40.31652],[71.35688,40.31885],[71.35369,40.31884],[71.35252,40.32034],[71.34622,40.31862],[71.34663,40.31502],[71.33677,40.3133],[71.33426,40.3141],[71.33538,40.31737],[71.32408,40.31792],[71.3181,40.31102],[71.31282,40.30976],[71.31066,40.30719],[71.29862,40.31498],[71.29305,40.32567],[71.30067,40.3308],[71.28503,40.34042],[71.27376,40.3436],[71.26514,40.33548],[71.25479,40.3312],[71.24807,40.32333],[71.24736,40.32484],[71.24112,40.322],[71.24026,40.32291],[71.24896,40.32713],[71.2524,40.3315],[71.24324,40.33691],[71.22466,40.34172],[71.20161,40.34396],[71.17051,40.33802],[71.16641,40.33492],[71.15545,40.33582],[71.14597,40.33355],[71.12794,40.33511],[71.12053,40.32999],[71.10466,40.3235],[71.09372,40.31274],[71.0812,40.30619],[71.07105,40.29425],[71.06236,40.29396],[71.05603,40.29233],[71.05453,40.29033],[71.0366,40.28658],[71.01884,40.29613],[70.9846,40.28599],[70.97237,40.28855],[70.96374,40.28833],[70.95914,40.28518],[70.96085,40.26759],[70.97667,40.25704],[70.97663,40.25161],[70.97517,40.25009],[70.98034,40.24322],[70.98462,40.22241],[70.95444,40.22045],[70.86301,40.22074],[70.85097,40.21463],[70.84866,40.21005],[70.82569,40.20504],[70.81763,40.20181],[70.80928,40.20131],[70.80851,40.20378],[70.79018,40.20199],[70.78787,40.19947],[70.77605,40.19728],[70.75991,40.18819],[70.74425,40.18773],[70.71395,40.18986],[70.69162,40.18482],[70.63233,40.1773],[70.62734,40.18114],[70.61173,40.20109],[70.5951,40.21313],[70.58512,40.22387],[70.57947,40.23435],[70.59769,40.24009],[70.59831,40.24196],[70.58851,40.25334],[70.58504,40.2526],[70.57573,40.26428],[70.57402,40.27273],[70.57631,40.28362],[70.57544,40.28905],[70.56934,40.29377],[70.56613,40.30453],[70.563,40.30593],[70.5598,40.31206],[70.56022,40.31777],[70.56232,40.32089],[70.58197,40.3389],[70.57822,40.34084],[70.57363,40.34081],[70.57011,40.34458],[70.56252,40.34788],[70.55864,40.35249],[70.55186,40.35478],[70.52563,40.35658],[70.52532,40.35316],[70.50483,40.35345],[70.49636,40.34811],[70.47667,40.35196],[70.4542,40.36203],[70.45603,40.36451],[70.44997,40.36712],[70.43276,40.36937],[70.42708,40.37576],[70.42207,40.37831],[70.4037,40.38011],[70.37895,40.38652],[70.36904,40.3933],[70.35976,40.40374],[70.35047,40.4087],[70.34802,40.42553],[70.33058,40.4404],[70.32834,40.4472],[70.32817,40.45516],[70.33212,40.45856],[70.34602,40.46026],[70.34843,40.46522],[70.36062,40.46979],[70.39358,40.47828],[70.41452,40.48729],[70.43289,40.49003],[70.44554,40.49681],[70.45245,40.49591],[70.48301,40.50152],[70.49365,40.51405],[70.49503,40.52057],[70.50189,40.52671],[70.50584,40.54027],[70.51391,40.54954],[70.53056,40.55488],[70.55322,40.55436],[70.57227,40.56271],[70.58154,40.56388],[70.58807,40.56649],[70.60874,40.58387],[70.62186,40.60624],[70.63613,40.62371],[70.64008,40.62658],[70.65496,40.6267],[70.6748,40.64499],[70.70494,40.663],[70.71681,40.66266],[70.72614,40.65532],[70.73325,40.65633],[70.73616,40.65862],[70.73758,40.66409],[70.73048,40.67408],[70.72917,40.68128],[70.73075,40.68604],[70.7357,40.68753],[70.75244,40.68282],[70.76254,40.68475],[70.76845,40.69174],[70.769,40.70041],[70.77278,40.70444],[70.77644,40.71622],[70.78273,40.71862],[70.79734,40.71982],[70.79584,40.73254],[70.78696,40.74239],[70.78178,40.74504],[70.77891,40.74963],[70.76399,40.7585],[70.75123,40.76348],[70.74196,40.76499],[70.73987,40.76695],[70.73614,40.76649],[70.72767,40.76921],[70.71731,40.78543],[70.70339,40.80051],[70.71345,40.79991],[70.72388,40.80613],[70.72821,40.80928],[70.72344,40.81438],[70.69896,40.83442],[70.68689,40.83822],[70.67939,40.84227],[70.67125,40.8506],[70.65179,40.85829],[70.64526,40.86484],[70.64079,40.88266],[70.63392,40.88583],[70.6309,40.88907],[70.62923,40.89484],[70.61458,40.9012],[70.60776,40.90793],[70.60397,40.91747],[70.5999,40.92092],[70.59737,40.92704],[70.59839,40.93211],[70.5893,40.93818],[70.57977,40.95218],[70.56845,40.96084],[70.5686,40.96459],[70.56679,40.96491],[70.56585,40.96882],[70.56003,40.97307],[70.55621,40.97889],[70.5483,40.98066],[70.53371,40.98008],[70.5304,40.98382],[70.5212,40.98723],[70.52031,40.99787],[70.51305,41.00729],[70.51445,41.01048],[70.49706,41.01882],[70.49434,41.02269],[70.48896,41.02375],[70.48342,41.03373],[70.47631,41.03595],[70.47254,41.04131],[70.46795,41.04164],[70.45866,41.03679],[70.45163,41.03855],[70.44847,41.04325],[70.44495,41.04509],[70.42755,41.03616],[70.41385,41.03446],[70.40075,41.02682],[70.39572,41.02686],[70.39034,41.01689],[70.3908,41.015],[70.38554,41.00978],[70.37462,41.00294],[70.37664,40.9962],[70.38016,40.99256],[70.38312,40.97861],[70.38795,40.97407],[70.38887,40.96711],[70.38725,40.95145],[70.38163,40.9463],[70.3706,40.94326],[70.37547,40.92311],[70.37925,40.91814],[70.37182,40.898],[70.35498,40.88898],[70.3351,40.88199],[70.32924,40.88651],[70.32637,40.88649],[70.32155,40.8838],[70.31426,40.88323],[70.30253,40.87703],[70.28635,40.87473],[70.27842,40.87107],[70.27437,40.86678],[70.26636,40.85016],[70.24446,40.83986],[70.23763,40.83878],[70.22759,40.83436],[70.21907,40.82849],[70.21368,40.82811],[70.20126,40.82222],[70.19336,40.82746],[70.18396,40.83096],[70.18118,40.83377],[70.17377,40.83225],[70.16271,40.83423],[70.15176,40.83072],[70.14235,40.82442],[70.12739,40.82206],[70.1201,40.81526],[70.12439,40.8074],[70.12106,40.79889],[70.11572,40.79372],[70.11371,40.78712],[70.09841,40.78159],[70.09235,40.77497],[70.08223,40.76921],[70.07824,40.76296],[70.06817,40.75518],[70.055,40.75548],[70.04716,40.75301],[70.03914,40.75317],[70.03553,40.74709],[70.03213,40.74486],[70.01915,40.74262],[70.00651,40.73601],[69.99821,40.73554],[69.97393,40.73891],[69.96349,40.73202],[69.96146,40.72583],[69.951,40.72579],[69.94062,40.71932],[69.93145,40.71659],[69.91736,40.72043],[69.89561,40.71985],[69.8915,40.72167],[69.88992,40.72556],[69.88193,40.72215],[69.87873,40.71836],[69.87267,40.7152],[69.86572,40.7148],[69.84141,40.70661],[69.83509,40.69967],[69.83254,40.70107],[69.82491,40.70067],[69.82015,40.70578],[69.81595,40.70732],[69.79316,40.70159],[69.78964,40.68952],[69.7817,40.68323],[69.77994,40.67862],[69.77488,40.67497],[69.77395,40.66959],[69.77024,40.66442],[69.76169,40.65925],[69.76489,40.65158],[69.75825,40.64523],[69.7539,40.64347],[69.74897,40.64518],[69.74233,40.64233],[69.73485,40.63514],[69.72802,40.63326],[69.72049,40.62869],[69.71205,40.63049],[69.70897,40.62863],[69.69843,40.62748],[69.69542,40.63004],[69.68981,40.63038],[69.68528,40.63271],[69.66927,40.63414],[69.66655,40.63881],[69.66654,40.64897],[69.66331,40.65135],[69.6638,40.6537],[69.66126,40.658],[69.66334,40.6598],[69.6532,40.66573],[69.65169,40.67109],[69.64327,40.67482],[69.63658,40.6732],[69.62534,40.67626],[69.61689,40.68729],[69.61712,40.68974],[69.61441,40.69134],[69.60745,40.69154],[69.60581,40.69369],[69.59344,40.69726],[69.58375,40.7041],[69.58257,40.71097],[69.57897,40.71313],[69.57904,40.7151],[69.57434,40.72032],[69.57427,40.72631],[69.57254,40.72862],[69.57356,40.73148],[69.57565,40.73245],[69.57164,40.74366],[69.56807,40.74739],[69.56781,40.75068],[69.56149,40.75476],[69.56192,40.75669],[69.5597,40.75712],[69.55802,40.76428],[69.55563,40.7646],[69.55132,40.76972],[69.54684,40.76941],[69.54515,40.77256],[69.54263,40.77236],[69.54176,40.77037],[69.5369,40.77138],[69.53472,40.77705],[69.52415,40.77564],[69.51857,40.78253],[69.51497,40.77719],[69.50244,40.77967],[69.49986,40.78127],[69.49741,40.78727],[69.49889,40.79581],[69.49689,40.79744],[69.47992,40.79167],[69.47436,40.78073],[69.47056,40.78407],[69.45534,40.78415],[69.45317,40.7864],[69.44422,40.78939],[69.43769,40.78886],[69.42851,40.78351],[69.42161,40.76905],[69.42011,40.75907],[69.40783,40.75223],[69.40589,40.75207],[69.3956,40.76638],[69.38863,40.78423],[69.3744,40.7884],[69.37346,40.79065],[69.35761,40.77964],[69.35236,40.77815],[69.34766,40.77491],[69.3529,40.77038],[69.35466,40.76326],[69.35963,40.76032],[69.35764,40.75586],[69.36179,40.7534],[69.35923,40.74999],[69.3645,40.74405],[69.35969,40.73966],[69.36292,40.73439],[69.3607,40.73254],[69.35113,40.73212],[69.35589,40.72669],[69.34917,40.72682],[69.34676,40.7244],[69.3462,40.71227],[69.3396,40.71252],[69.33445,40.70894],[69.33445,40.70641],[69.32855,40.70395],[69.32988,40.69919],[69.33395,40.69686],[69.33465,40.69441],[69.33768,40.69344],[69.339,40.69061],[69.33771,40.68981],[69.34254,40.68514],[69.34073,40.67141],[69.33838,40.66723],[69.33706,40.65862],[69.33914,40.65698],[69.33876,40.64301],[69.34758,40.61465],[69.34708,40.58532],[69.34532,40.58515],[69.34409,40.58107],[69.3404,40.5805],[69.34065,40.5821],[69.32701,40.58168],[69.31968,40.57864],[69.28425,40.58188],[69.27814,40.57454],[69.2623,40.57635],[69.25049,40.5653],[69.24136,40.56235],[69.23233,40.55318],[69.22677,40.54994],[69.21103,40.54679],[69.21216,40.54643],[69.21194,40.54079],[69.2212,40.53641],[69.22039,40.5312],[69.22863,40.52588],[69.23087,40.52268],[69.24046,40.51992],[69.24797,40.51023],[69.25642,40.50704],[69.26279,40.49998],[69.27986,40.49286],[69.27865,40.48945],[69.27163,40.4879],[69.26975,40.48436],[69.27249,40.47958],[69.26643,40.47595],[69.26861,40.47055],[69.27179,40.46827],[69.26772,40.45972],[69.27933,40.45188],[69.28393,40.44343],[69.28276,40.43632],[69.28475,40.43475],[69.28552,40.431],[69.28405,40.42739],[69.28598,40.42361],[69.2834,40.42],[69.28854,40.41535],[69.29487,40.41496],[69.29844,40.41184],[69.29776,40.40796],[69.2916,40.40435],[69.29112,40.40238],[69.29294,40.39496],[69.29743,40.39147],[69.30403,40.38987],[69.3065,40.38679],[69.30717,40.37999],[69.30335,40.37579],[69.30261,40.36814],[69.31618,40.35666],[69.32569,40.3517],[69.33629,40.34876],[69.34051,40.33902],[69.33804,40.32135],[69.33427,40.31715],[69.33293,40.31256],[69.32771,40.30827],[69.32657,40.30245],[69.32829,40.29721],[69.32274,40.29271],[69.31867,40.29302],[69.31164,40.29033],[69.30729,40.28618],[69.30743,40.28189],[69.26535,40.29738],[69.25987,40.29721],[69.2492,40.30349],[69.24661,40.29544],[69.25252,40.29133],[69.25467,40.28371],[69.24906,40.28103],[69.24778,40.27481],[69.2513,40.27066],[69.2549,40.26958],[69.25656,40.26558],[69.26117,40.26382],[69.26269,40.25828],[69.2677,40.25857],[69.28573,40.25104],[69.28971,40.24783],[69.30145,40.24481],[69.29713,40.2338],[69.28864,40.22569],[69.29048,40.21744],[69.2958,40.21331],[69.29898,40.20726],[69.29881,40.19975],[69.30042,40.19665],[69.30551,40.19509],[69.30431,40.18844],[69.29916,40.18906],[69.27402,40.20199],[69.26117,40.20072],[69.24651,40.20826],[69.23006,40.20825],[69.19774,40.21507],[69.16528,40.21058],[69.15347,40.21544],[69.15269,40.21442],[69.13423,40.21785],[69.07865,40.2229],[69.07569,40.22145],[69.0612,40.22277],[69.05212,40.22661],[69.03575,40.22873],[68.86276,40.21003],[68.85152,40.20349],[68.85196,40.19778],[68.84095,40.19388],[68.84361,40.18328],[68.82372,40.17886],[68.81184,40.17839],[68.7973,40.1726],[68.77957,40.20393],[68.71198,40.18697],[68.68844,40.17831],[68.68113,40.1786],[68.65365,40.17295],[68.60671,40.16113],[68.59795,40.15713],[68.55477,40.15101],[68.53286,40.14382],[68.53103,40.11777],[68.63324,40.07668],[68.6544,40.08194],[68.6941,40.09504],[68.70204,40.09443],[68.72283,40.0993],[68.73639,40.09905],[68.75034,40.10134],[68.76583,40.09797],[68.77314,40.09938],[68.78242,40.10717],[68.81122,40.11663],[68.83062,40.118],[68.84777,40.12138],[68.88164,40.13307],[68.91466,40.13949],[68.92702,40.14491],[68.93044,40.14435],[68.93175,40.14599],[68.95088,40.14669],[68.95789,40.14459],[68.96695,40.14426],[68.97064,40.14703],[68.98072,40.14278],[68.98876,40.14487],[68.99455,40.15063],[69.00044,40.15272],[69.02002,40.15423],[69.02393,40.14558],[69.0241,40.12604],[69.0228,40.12045],[69.00845,40.09913],[68.99527,40.09325],[68.97074,40.09268],[68.96007,40.08791],[68.95686,40.08362],[68.96843,40.06482],[68.97233,40.06558],[68.97719,40.05776],[68.97694,40.05189],[68.97959,40.04307],[68.97747,40.04197],[68.97301,40.04207],[68.96713,40.05521],[68.95523,40.06276],[68.91619,40.06133],[68.91208,40.06553],[68.90663,40.06807],[68.90096,40.06623],[68.89796,40.05913],[68.89723,40.04979],[68.89334,40.04821],[68.88857,40.05498],[68.86728,40.05584],[68.85693,40.05057],[68.85652,40.04697],[68.86106,40.03996],[68.86462,40.03807],[68.86379,40.03628],[68.86582,40.03228],[68.8704,40.02834],[68.87529,40.01925],[68.87877,40.01977],[68.88137,40.01711],[68.88584,40.00933],[68.8919,40.005],[68.89953,39.9931],[68.90149,39.98163],[68.91082,39.97401],[68.91268,39.96514],[68.92144,39.94966],[68.92825,39.93027],[68.93353,39.92854],[68.94326,39.9192],[68.93885,39.91639],[68.92872,39.9151],[68.92371,39.9115],[68.91737,39.89128],[68.90628,39.8807],[68.89661,39.87902],[68.8947,39.86963],[68.8895,39.86491],[68.88532,39.86316],[68.87587,39.86477],[68.87256,39.86372],[68.87046,39.86602],[68.86416,39.8668],[68.86231,39.86125],[68.85475,39.86314],[68.85272,39.87015],[68.85272,39.88849],[68.84459,39.89067],[68.84527,39.89443],[68.85054,39.89887],[68.85427,39.90641],[68.85635,39.91633],[68.8552,39.9213],[68.84723,39.92916],[68.84479,39.94158],[68.8281,39.97102],[68.8244,39.9867],[68.82029,39.98587],[68.81946,39.98363],[68.8209,39.9797],[68.81971,39.97843],[68.81192,39.9744],[68.80185,39.97255],[68.80068,39.96996],[68.80135,39.96804],[68.81658,39.96805],[68.82271,39.94964],[68.82823,39.94693],[68.83003,39.93752],[68.83001,39.92126],[68.82733,39.91635],[68.82782,39.90365],[68.82304,39.90071],[68.82113,39.89519],[68.83167,39.89378],[68.83111,39.89096],[68.82323,39.88642],[68.8217,39.88277],[68.82131,39.87421],[68.82261,39.8705],[68.81961,39.8701],[68.81106,39.87471],[68.8067,39.87513],[68.79636,39.86742],[68.78938,39.85304],[68.78848,39.84509],[68.78611,39.84468],[68.78537,39.83982],[68.7785,39.83988],[68.7702,39.8595],[68.77253,39.87499],[68.76057,39.87469],[68.74988,39.8674],[68.75039,39.86263],[68.75912,39.84472],[68.75261,39.84773],[68.74614,39.84579],[68.73943,39.85109],[68.73002,39.85394],[68.7205,39.85967],[68.71523,39.85495],[68.69873,39.84813],[68.65752,39.8542],[68.64467,39.85334],[68.63687,39.85491],[68.63362,39.83894],[68.6382,39.81866],[68.63715,39.80041],[68.63878,39.79405],[68.63743,39.78707],[68.64322,39.77732],[68.63832,39.77664],[68.63738,39.77381],[68.63251,39.77121],[68.62404,39.77146],[68.61988,39.76206],[68.62546,39.75602],[68.61903,39.74712],[68.61298,39.74493],[68.6095,39.74162],[68.58954,39.73746],[68.58675,39.72445],[68.58701,39.72176],[68.60351,39.71105],[68.60292,39.7068],[68.61071,39.70448],[68.6262,39.6957],[68.62574,39.69182],[68.62986,39.68386],[68.62052,39.66521],[68.62074,39.65785],[68.61869,39.65685],[68.61725,39.63799],[68.61644,39.63577],[68.60996,39.63368],[68.59922,39.62449],[68.57981,39.62131],[68.57648,39.61037],[68.57222,39.60728],[68.57015,39.60142],[68.56342,39.59889],[68.55245,39.59979],[68.54764,39.59487],[68.54658,39.59032],[68.53808,39.58452],[68.53977,39.58175],[68.53569,39.57132],[68.53619,39.56917],[68.54734,39.5604],[68.54691,39.55838],[68.54165,39.54963],[68.53775,39.54907],[68.53142,39.54518],[68.52421,39.53213],[68.51103,39.5305],[68.51045,39.53405],[68.5015,39.54002],[68.49097,39.54233],[68.48588,39.5394],[68.48199,39.53925],[68.47922,39.53559],[68.4643,39.53891],[68.46074,39.53455],[68.45632,39.53365],[68.44802,39.53656],[68.44352,39.54002],[68.42435,39.53772],[68.41533,39.54229],[68.40705,39.5409],[68.39208,39.54471],[68.37724,39.53804],[68.36917,39.52999],[68.35725,39.53139],[68.34731,39.54017],[68.33823,39.54408],[68.32923,39.54525],[68.3267,39.54812],[68.32003,39.54896],[68.30958,39.55413],[68.29812,39.54972],[68.2863,39.55968],[68.27754,39.5602],[68.26702,39.55786],[68.25074,39.56268],[68.24572,39.5583],[68.23997,39.55609],[68.2353,39.55718],[68.22606,39.55476],[68.22224,39.5559],[68.21473,39.55299],[68.20784,39.55485],[68.20066,39.55356],[68.19261,39.55624],[68.1769,39.56918],[68.16414,39.56648],[68.15663,39.56273],[68.14475,39.56816],[68.1375,39.56146],[68.13149,39.55992],[68.11482,39.56026],[68.11225,39.56114],[68.11038,39.56421],[68.09519,39.56983],[68.08116,39.57756],[68.06163,39.57411],[68.04472,39.57805],[68.03831,39.57731],[68.02713,39.5827],[68.02747,39.58618],[68.0189,39.58526],[68.01649,39.58889],[68.01335,39.58786],[68.0114,39.59092],[68.00256,39.58965],[67.99911,39.59097],[67.97913,39.60083],[67.97719,39.60548],[67.97192,39.60377],[67.94907,39.60353],[67.93892,39.59884],[67.9121,39.60907],[67.8999,39.61073],[67.87508,39.62738],[67.86191,39.62384],[67.83587,39.63068],[67.82901,39.63924],[67.81717,39.64371],[67.80574,39.65308],[67.79314,39.65696],[67.78184,39.64683],[67.76593,39.64052],[67.76079,39.63992],[67.73545,39.65066],[67.70798,39.65966],[67.68369,39.63873],[67.67994,39.63812],[67.66461,39.64164],[67.65978,39.63672],[67.6515,39.63538],[67.6478,39.6302],[67.64733,39.62514],[67.63451,39.61993],[67.62897,39.61337],[67.6283,39.61005],[67.63045,39.6043],[67.62998,39.60207],[67.62756,39.60081],[67.61855,39.60021],[67.614,39.59812],[67.592,39.59733],[67.58243,39.59996],[67.57572,39.59471],[67.56552,39.59454],[67.55747,39.58842],[67.54805,39.58835],[67.54565,39.59045],[67.54116,39.58747],[67.53435,39.58988],[67.53233,39.58555],[67.52484,39.58334],[67.51933,39.57918],[67.51358,39.58052],[67.50889,39.57893],[67.49943,39.5839],[67.48275,39.57645],[67.47845,39.57787],[67.47046,39.57733],[67.4628,39.57472],[67.45647,39.57825],[67.45217,39.57862],[67.45232,39.57552],[67.45614,39.57445],[67.45586,39.57303],[67.45003,39.56719],[67.44496,39.55635],[67.44393,39.55023],[67.44581,39.54832],[67.45133,39.54875],[67.45579,39.5469],[67.46051,39.5421],[67.46415,39.54329],[67.47058,39.54163],[67.47146,39.53617],[67.46871,39.53131],[67.46363,39.53356],[67.44514,39.53138],[67.44284,39.52921],[67.43225,39.52981],[67.41631,39.53849],[67.40781,39.53748],[67.41,39.53273],[67.40192,39.53343],[67.39673,39.52805],[67.39456,39.52314],[67.39817,39.52165],[67.39748,39.51925],[67.39954,39.51832],[67.39822,39.51565],[67.40329,39.51447],[67.40304,39.51053],[67.40454,39.50866],[67.43636,39.49856],[67.44726,39.48931],[67.45151,39.47992],[67.45815,39.47383],[67.46454,39.46272],[67.46365,39.45203],[67.46192,39.45267],[67.4557,39.4411],[67.4516,39.44064],[67.4508,39.43698],[67.45265,39.43398],[67.45273,39.42482],[67.45145,39.42091],[67.45334,39.41508],[67.4574,39.41474],[67.46354,39.4085],[67.47831,39.39922],[67.47669,39.39447],[67.47813,39.38326],[67.47663,39.37851],[67.48324,39.37743],[67.47801,39.3678],[67.48032,39.36639],[67.47933,39.36313],[67.47583,39.36041],[67.47325,39.3468],[67.46965,39.33947],[67.47575,39.32997],[67.47402,39.32295],[67.46761,39.32139],[67.46272,39.31754],[67.44918,39.31255],[67.44114,39.31292],[67.43893,39.31106],[67.43013,39.30995],[67.4268,39.31118],[67.42098,39.31055],[67.41349,39.31366],[67.41022,39.31085],[67.40446,39.31032],[67.38675,39.31441],[67.36157,39.30888],[67.34401,39.30854],[67.33328,39.30423],[67.33468,39.30105],[67.33809,39.29979],[67.3383,39.29602],[67.35176,39.29191],[67.35812,39.28777],[67.35898,39.28581],[67.3561,39.2788],[67.35849,39.27373],[67.35874,39.26473],[67.36008,39.26269],[67.36417,39.26247],[67.35976,39.25614],[67.35863,39.25065],[67.355,39.24734],[67.35156,39.24687],[67.35577,39.24302],[67.34526,39.23709],[67.34203,39.23353],[67.34295,39.23167],[67.35545,39.22797],[67.39925,39.22586],[67.40284,39.21424],[67.40674,39.2154],[67.41857,39.21323],[67.42187,39.21424],[67.42807,39.21167],[67.4395,39.21237],[67.44495,39.20784],[67.45185,39.20593],[67.45203,39.20391],[67.45934,39.19908],[67.46136,39.19381],[67.46383,39.19665],[67.47853,39.20082],[67.48796,39.20176],[67.49264,39.19658],[67.49278,39.1944],[67.49718,39.1937],[67.49472,39.18816],[67.49927,39.18657],[67.52774,39.18417],[67.53105,39.18237],[67.54999,39.18028],[67.56881,39.18346],[67.58418,39.18834],[67.59552,39.18473],[67.59854,39.18155],[67.61052,39.18016],[67.62697,39.17039],[67.62521,39.15868],[67.62609,39.152],[67.63551,39.14458],[67.66198,39.14394],[67.67715,39.14644],[67.67921,39.12706],[67.6761,39.11621],[67.67816,39.11407],[67.67285,39.1097],[67.67485,39.10435],[67.67223,39.09575],[67.66979,39.09438],[67.66864,39.08458],[67.67153,39.08057],[67.67322,39.07182],[67.6706,39.06921],[67.67075,39.0658],[67.67357,39.0599],[67.67962,39.0592],[67.68361,39.05377],[67.67931,39.05126],[67.68283,39.04901],[67.68363,39.0442],[67.67908,39.03997],[67.68073,39.03677],[67.67991,39.03452],[67.68512,39.0292],[67.68475,39.02387],[67.68303,39.02252],[67.68367,39.01896],[67.69054,39.01621],[67.6934,39.01335],[67.69125,39.00701],[67.70398,39.00031],[67.70698,39.00074],[67.70635,38.99718],[67.72143,38.99715],[67.72415,39.00055],[67.7355,39.00335],[67.73888,39.00611],[67.74526,39.00411],[67.7447,39.00226],[67.75175,39.00164],[67.76069,39.01093],[67.76245,39.01108],[67.76165,39.01237],[67.76621,39.01751],[67.76918,39.015],[67.77766,39.01532],[67.78524,39.013],[67.7891,39.01382],[67.79749,39.01085],[67.80108,39.01388],[67.80618,39.01116],[67.81337,39.01251],[67.81508,39.01508],[67.8201,39.01633],[67.82522,39.01248],[67.82859,39.01332],[67.83447,39.01035],[67.84307,39.00984],[67.85864,39.00226],[67.86907,39.00136],[67.87884,39.0054],[67.88313,39.01361],[67.88872,39.01638],[67.8907,39.01918],[67.89489,39.02023],[67.90402,39.01797],[67.92165,39.02649],[67.92467,39.02408],[67.93989,39.02395],[67.94299,39.02121],[67.95551,39.02378],[67.96661,39.02302],[67.9736,39.02577],[67.98148,39.03221],[67.98269,39.03503],[67.9884,39.03513],[67.99277,39.03181],[67.99516,39.02195],[68.00239,39.01654],[68.02106,39.01319],[68.02743,39.00959],[68.03509,39.0116],[68.04105,39.01623],[68.06064,39.0168],[68.06419,39.01827],[68.06495,39.02245],[68.06819,39.02631],[68.07074,39.02585],[68.071,39.02398],[68.07468,39.02376],[68.07831,39.02668],[68.08809,39.02225],[68.09451,39.02297],[68.10197,39.01624],[68.1072,39.01699],[68.1126,39.01515],[68.11864,39.00897],[68.11644,39.00278],[68.12546,38.99797],[68.13085,38.99737],[68.12942,38.9926],[68.13302,38.99051],[68.13293,38.98582],[68.14007,38.97795],[68.13869,38.97307],[68.13475,38.97032],[68.13445,38.96614],[68.136,38.96524],[68.13394,38.96268],[68.15001,38.95454],[68.15278,38.9513],[68.16305,38.94827],[68.17305,38.94784],[68.17765,38.94443],[68.19608,38.93853],[68.20178,38.93017],[68.20396,38.92395],[68.20782,38.92165],[68.20815,38.91939],[68.20468,38.91598],[68.20014,38.91623],[68.195,38.91343],[68.19667,38.90595],[68.19228,38.89536],[68.18143,38.89493],[68.18134,38.89284],[68.1776,38.89106],[68.1812,38.88622],[68.1773,38.88165],[68.18005,38.87587],[68.18371,38.8758],[68.2019,38.8663],[68.2,38.86274],[68.2016,38.85583],[68.19735,38.8559],[68.19542,38.85303],[68.1902,38.85389],[68.17484,38.84534],[68.17489,38.84182],[68.1731,38.84154],[68.17339,38.83958],[68.17046,38.83675],[68.17146,38.83604],[68.17043,38.831],[68.15899,38.82882],[68.15393,38.82591],[68.13373,38.82662],[68.1321,38.82276],[68.13461,38.8188],[68.13199,38.81748],[68.1284,38.81875],[68.11921,38.81685],[68.11387,38.81859],[68.10871,38.81578],[68.09835,38.81643],[68.0946,38.81336],[68.09184,38.81339],[68.06974,38.81834],[68.06945,38.81369],[68.0674,38.81107],[68.06864,38.80968],[68.06678,38.80726],[68.06949,38.80396],[68.06582,38.8026],[68.06712,38.79892],[68.07026,38.79664],[68.07538,38.7966],[68.07765,38.79437],[68.0936,38.79032],[68.10014,38.77942],[68.10024,38.77425],[68.10211,38.77126],[68.11669,38.75685],[68.11678,38.75401],[68.12224,38.75172],[68.12493,38.74197],[68.12834,38.73633],[68.12631,38.73434],[68.12848,38.73267],[68.10902,38.72796],[68.08941,38.72876],[68.07876,38.72696],[68.06887,38.72011],[68.05874,38.71728],[68.05669,38.71457],[68.05823,38.70769],[68.0655,38.69968],[68.06515,38.69437],[68.07295,38.68991],[68.07432,38.68562],[68.07344,38.68114],[68.08239,38.67256],[68.07759,38.66662],[68.08096,38.66227],[68.08258,38.6561],[68.08108,38.65327],[68.09283,38.64245],[68.09089,38.63901],[68.08149,38.63169],[68.07843,38.61189],[68.07465,38.60641],[68.07604,38.60078],[68.07496,38.59433],[68.06764,38.58369],[68.06476,38.58213],[68.06172,38.57574],[68.06199,38.56718],[68.05896,38.55991],[68.06302,38.55175],[68.06196,38.54418],[68.06513,38.54037],[68.06401,38.53229],[68.06602,38.52881],[68.07308,38.52686],[68.08122,38.52211],[68.08641,38.51629],[68.09804,38.51198],[68.10089,38.51264],[68.10147,38.50487],[68.10514,38.50379],[68.10911,38.4975],[68.10094,38.49495],[68.09777,38.49218],[68.10909,38.48295],[68.11642,38.46811],[68.08161,38.42605],[68.07044,38.41989],[68.06476,38.41014],[68.06191,38.39273],[68.0795,38.39011],[68.08023,38.38823],[68.08914,38.39178],[68.09268,38.38931],[68.10984,38.4021],[68.13089,38.40978],[68.13746,38.41031],[68.14102,38.39971],[68.14792,38.39465],[68.14925,38.39527],[68.15276,38.38941],[68.15699,38.37412],[68.16761,38.36801],[68.18213,38.36826],[68.19274,38.35263],[68.20141,38.34874],[68.20782,38.34369],[68.21029,38.3362],[68.21918,38.33514],[68.22325,38.33119],[68.23244,38.32759],[68.24513,38.32868],[68.26359,38.32031],[68.26761,38.32166],[68.27322,38.32074],[68.2738,38.31379],[68.2777,38.3133],[68.27916,38.30884],[68.28326,38.30824],[68.28747,38.3053],[68.28687,38.302],[68.29266,38.29831],[68.29072,38.29465],[68.29126,38.29035],[68.30239,38.25567],[68.31694,38.25069],[68.3194,38.24853],[68.3191,38.24078],[68.32924,38.23495],[68.33336,38.2343],[68.34464,38.23815],[68.35603,38.23264],[68.35614,38.22985],[68.36213,38.22675],[68.36479,38.22194],[68.36837,38.22163],[68.37086,38.22549],[68.37345,38.22576],[68.37204,38.2209],[68.37426,38.21907],[68.371,38.21145],[68.37212,38.20703],[68.37691,38.20289],[68.38705,38.2],[68.39698,38.19757],[68.40395,38.19891],[68.40465,38.19658],[68.40209,38.19286],[68.40408,38.18935],[68.40534,38.18074],[68.40356,38.17337],[68.39649,38.1636],[68.39949,38.15786],[68.39459,38.15409],[68.39514,38.1441],[68.39384,38.14287],[68.38722,38.14346],[68.38773,38.13289],[68.37774,38.11836],[68.37645,38.11034],[68.38067,38.10465],[68.37414,38.09831],[68.37463,38.09515],[68.37303,38.09265],[68.37707,38.08452],[68.37271,38.08104],[68.36873,38.07183],[68.36511,38.06853],[68.36131,38.06853],[68.35761,38.0643],[68.3473,38.06243],[68.34324,38.06],[68.34276,38.05607],[68.33481,38.05075],[68.33257,38.04317],[68.32415,38.0385],[68.32225,38.03255],[68.31624,38.0325],[68.3075,38.02921],[68.30095,38.01723],[68.29984,38.01014],[68.28883,37.99929],[68.28562,37.98841],[68.28764,37.98268],[68.28439,37.97912],[68.28735,37.97334],[68.28702,37.97032],[68.27978,37.96483],[68.28452,37.95518],[68.28116,37.95061],[68.28239,37.9465],[68.28131,37.94369],[68.27441,37.938],[68.27593,37.93121],[68.284,37.92699],[68.27063,37.91501],[68.26795,37.90912],[68.2625,37.90841],[68.26007,37.90976],[68.25842,37.91685],[68.25379,37.92128],[68.24711,37.92294],[68.24323,37.92617],[68.2329,37.92792],[68.2267,37.93139],[68.21792,37.93342],[68.20722,37.93216],[68.20363,37.93392],[68.20103,37.9323],[68.19238,37.93241],[68.19127,37.93301],[68.19235,37.93477],[68.18877,37.93545],[68.17971,37.93381],[68.17745,37.93144],[68.17157,37.93523],[68.16502,37.93593],[68.15542,37.93074],[68.14729,37.93134],[68.14279,37.92833],[68.13892,37.92873],[68.13485,37.92669],[68.13418,37.92446],[68.13758,37.92215],[68.137,37.9203],[68.12783,37.91487],[68.13496,37.90496],[68.13477,37.90078],[68.13188,37.8953],[68.12649,37.89205],[68.11927,37.87995],[68.11973,37.87127],[68.11307,37.86004],[68.10756,37.85412],[68.10596,37.84799],[68.09641,37.83896],[68.09552,37.83484],[68.07981,37.80519],[68.07604,37.80358],[68.0734,37.79734],[68.06254,37.78868],[68.05716,37.77885],[68.05604,37.76864],[68.04527,37.75124],[68.04015,37.74975],[68.04234,37.74697],[68.04077,37.74451],[68.03027,37.73832],[68.02878,37.73356],[68.02093,37.73345],[68.01997,37.73126],[68.02119,37.7251],[68.01828,37.72104],[68.01528,37.71953],[68.00719,37.72004],[68.01679,37.71106],[68.01595,37.70691],[68.0133,37.70409],[68.01069,37.70336],[68.0108,37.70152],[68.00439,37.69691],[68.00155,37.69703],[67.99657,37.69384],[67.99263,37.69426],[67.97661,37.6886],[67.97183,37.68424],[67.9653,37.68325],[67.95805,37.678],[67.95857,37.67445],[67.94735,37.66781],[67.94776,37.66532],[67.94138,37.6632],[67.93919,37.65909],[67.93145,37.65802],[67.93154,37.6555],[67.92718,37.65079],[67.92744,37.64785],[67.91409,37.64214],[67.91299,37.63943],[67.89748,37.63043],[67.88946,37.62841],[67.88305,37.63472],[67.87188,37.64133],[67.86953,37.63927],[67.86339,37.63834],[67.86735,37.63132],[67.86737,37.61926],[67.86125,37.61448],[67.8546,37.61383],[67.85229,37.61092],[67.85331,37.60871],[67.85661,37.60762],[67.85732,37.60229],[67.86276,37.59615],[67.86229,37.59236],[67.85572,37.58577],[67.85238,37.5847],[67.85218,37.5804],[67.84131,37.56824],[67.83809,37.55988],[67.83783,37.55407],[67.83064,37.54401],[67.83138,37.53399],[67.83535,37.5229],[67.83333,37.50728],[67.82778,37.50199],[67.82043,37.48589],[67.81466,37.47982],[67.80884,37.4673],[67.80555,37.43362],[67.79016,37.4182],[67.79158,37.4114],[67.80035,37.39961],[67.79885,37.39711],[67.80116,37.38778],[67.81487,37.37707],[67.81804,37.37064],[67.82038,37.35908],[67.83108,37.3483],[67.84188,37.32819],[67.84072,37.3084],[67.83766,37.30185],[67.82958,37.29103],[67.825,37.28811],[67.82614,37.28354],[67.82291,37.27637],[67.81566,37.26977],[67.81205,37.26874],[67.8131,37.26623],[67.81066,37.26125],[67.8149,37.24599],[67.79633,37.2022],[67.7988,37.19701],[67.79496,37.19546],[67.79609,37.18939],[67.7809,37.1816],[67.77875,37.18884],[67.74055,37.20934],[67.70747,37.21891],[67.64266,37.2211],[67.61791,37.22779],[67.59743,37.22999],[67.57645,37.22075],[67.5733,37.21722],[67.56598,37.21839],[67.55825,37.22244],[67.53742,37.24752],[67.52494,37.25963],[67.51681,37.26515],[67.5026,37.2696],[67.49373,37.2688],[67.47425,37.25976],[67.46468,37.24698],[67.4531,37.23648],[67.40171,37.21752],[67.37726,37.21949],[67.36126,37.2096],[67.34029,37.20406],[67.32546,37.19775],[67.30482,37.19404],[67.27004,37.18212],[67.25742,37.18324],[67.24619,37.18902],[67.22363,37.24386],[67.20584,37.25557],[67.19891,37.25884],[67.18837,37.2601],[67.17386,37.26719],[67.13848,37.26507],[67.10818,37.28586],[67.10678,37.2939],[67.11127,37.3029],[67.11363,37.31485],[67.11204,37.32811],[67.10314,37.33424],[67.09649,37.33488],[67.08726,37.34096],[67.08775,37.34925],[67.06915,37.36017],[67.05919,37.37252],[67.04579,37.38021],[67.03384,37.37873],[67.02273,37.37465],[67.01107,37.37341],[66.99894,37.37754],[66.99126,37.38443],[66.97937,37.38594],[66.96255,37.39408],[66.94644,37.39839],[66.93531,37.39395],[66.92332,37.38627],[66.9143,37.38338],[66.8996,37.37284],[66.87267,37.36639],[66.84979,37.3541],[66.82393,37.35597],[66.79948,37.36328],[66.76901,37.36086],[66.75119,37.35381],[66.74276,37.35535],[66.73287,37.36373],[66.7106,37.35637],[66.69262,37.35702],[66.67165,37.34163],[66.67184,37.33641],[66.66715,37.32869],[66.65427,37.32299],[66.64683,37.32797],[66.63062,37.32859],[66.62289,37.33203],[66.61969,37.34031],[66.61023,37.34905],[66.61034,37.35518],[66.60867,37.35892],[66.60404,37.36367],[66.59368,37.36872],[66.5751,37.36917],[66.56048,37.36245],[66.55149,37.35439],[66.54668,37.35888],[66.54699,37.36068],[66.5433,37.3659],[66.52691,37.37301],[66.52188,37.37243],[66.52127,37.37829],[66.51523,37.38234],[66.51547,37.38415],[66.51288,37.38605],[66.51179,37.38939],[66.50875,37.38905],[66.50469,37.39202],[66.50018,37.39272],[66.50225,37.39576],[66.50875,37.39843],[66.51373,37.40344],[66.51883,37.40586],[66.52201,37.41121],[66.52982,37.41585],[66.53916,37.42786],[66.55084,37.43682],[66.55381,37.44084],[66.57358,37.45198],[66.58051,37.46763],[66.57468,37.47863],[66.57341,37.48497],[66.56775,37.49351],[66.55427,37.49761],[66.54033,37.50958],[66.535,37.51227],[66.53363,37.52607],[66.52766,37.53789],[66.52562,37.55809],[66.53162,37.58186],[66.52491,37.59012],[66.52245,37.59905],[66.52472,37.60657],[66.53399,37.62102],[66.53441,37.62689],[66.53676,37.63016],[66.53608,37.63446],[66.54189,37.64267],[66.53996,37.64543],[66.54341,37.65119],[66.54207,37.65346],[66.54231,37.66396],[66.54413,37.66841],[66.54335,37.67581],[66.54945,37.68456],[66.55015,37.68707],[66.54783,37.69055],[66.55142,37.69718],[66.54128,37.74416],[66.54558,37.7492],[66.54432,37.75711],[66.54624,37.76495],[66.54262,37.77251],[66.54599,37.77388],[66.55214,37.78628],[66.55744,37.7898],[66.56119,37.79488],[66.5595,37.80222],[66.56319,37.80528],[66.56715,37.81435],[66.57111,37.81739],[66.57511,37.82387],[66.57692,37.8328],[66.57979,37.83585],[66.57857,37.8374],[66.59866,37.85175],[66.60245,37.86223],[66.60718,37.86861],[66.61295,37.87188],[66.62084,37.87959],[66.63565,37.88568],[66.63943,37.89338],[66.64191,37.89508],[66.64147,37.89723],[66.65008,37.89771],[66.65672,37.90138],[66.65894,37.90483],[66.68011,37.91447],[66.68754,37.91516],[66.69145,37.91284],[66.70202,37.91312],[66.70585,37.91414],[66.70748,37.91871],[66.67451,37.97272],[66.64335,37.99192],[66.62104,38.002],[66.59816,38.00859],[66.59186,38.01367],[66.57336,38.01894],[66.56406,38.01919],[66.54947,38.02316],[66.54597,38.02477],[66.54626,38.02719],[66.53893,38.0321],[66.53563,38.03292],[66.53334,38.03177],[66.52546,38.03379],[66.51968,38.03288],[66.50464,38.04176],[66.49208,38.04097],[66.47967,38.0335],[66.46764,38.03217],[66.46544,38.02951],[66.46084,38.02926],[66.45932,38.02747],[66.45525,38.02786],[66.44707,38.0255],[66.43384,38.02667],[66.42837,38.02395],[66.41718,38.02415],[66.41551,38.02773],[66.41156,38.0298],[66.3924,38.03294],[66.39222,38.03571],[66.38956,38.03531],[66.38434,38.03913],[66.38247,38.0455],[66.37226,38.05088],[66.36443,38.04968],[66.35913,38.05432],[66.35868,38.05821],[66.35279,38.06011],[66.3522,38.0634],[66.34589,38.06304],[66.34276,38.06653],[66.32379,38.06586],[66.31531,38.07542],[66.31294,38.07581],[66.312,38.07781],[66.30998,38.07715],[66.31142,38.07955],[66.30996,38.08091],[66.30656,38.08102],[66.30209,38.08679],[66.30239,38.09019],[66.29903,38.08924],[66.29705,38.0933],[66.29114,38.09409],[66.29278,38.09659],[66.29144,38.10091],[66.28937,38.09893],[66.28704,38.10252],[66.27112,38.10799],[66.27011,38.1097],[66.27233,38.11377],[66.27056,38.11578],[66.27194,38.119],[66.26897,38.11704],[66.26889,38.11965],[66.26588,38.1189],[66.26579,38.12191],[66.26736,38.1226],[66.26087,38.12533],[66.26271,38.12819],[66.25761,38.12833],[66.26,38.13037],[66.25894,38.13392],[66.25233,38.13645],[66.25368,38.1393],[66.25678,38.13977],[66.25276,38.14215],[66.25685,38.14353],[66.25127,38.14539],[66.25196,38.14778],[66.2469,38.15636],[66.24526,38.15517],[66.24405,38.15678],[66.24198,38.15649],[66.23944,38.15497],[66.23731,38.15668],[66.23196,38.15359],[66.23192,38.15621],[66.22851,38.15574],[66.22786,38.15752],[66.22383,38.15649],[66.22382,38.15449],[66.21914,38.15754],[66.21612,38.15515],[66.21472,38.1573],[66.21199,38.15749],[66.20906,38.16298],[66.20592,38.16311],[66.20637,38.16419],[66.20386,38.16587],[66.2019,38.16517],[66.20402,38.16208],[66.20036,38.16014],[66.20228,38.15976],[66.2021,38.15851],[66.19807,38.16023],[66.19896,38.15712],[66.19667,38.15637],[66.19524,38.15777],[66.19475,38.15533],[66.19315,38.15768],[66.1908,38.15669],[66.19102,38.15546],[66.18926,38.15687],[66.18756,38.15603],[66.18697,38.15796],[66.18559,38.15673],[66.18565,38.1583],[66.18172,38.15636],[66.17985,38.15787],[66.18033,38.15525],[66.1776,38.156],[66.1773,38.15337],[66.16927,38.15505],[66.1704,38.15706],[66.16579,38.15608],[66.16465,38.15762],[66.16693,38.15884],[66.16646,38.16254],[66.15942,38.1651],[66.15666,38.16808],[66.15156,38.16933],[66.15205,38.16726],[66.14746,38.17223],[66.13707,38.17742],[66.13338,38.17483],[66.12514,38.17537],[66.12472,38.17782],[66.12314,38.17797],[66.11985,38.17525],[66.11533,38.17665],[66.11494,38.17528],[66.11303,38.17737],[66.11531,38.18048],[66.1121,38.18098],[66.11253,38.17787],[66.10953,38.18043],[66.10757,38.17955],[66.10389,38.1821],[66.10449,38.18366],[66.10247,38.18346],[66.10179,38.18486],[66.1041,38.18484],[66.104,38.18606],[66.10113,38.18644],[66.10495,38.18989],[66.09981,38.19254],[66.10167,38.19617],[66.09751,38.19571],[66.09796,38.1998],[66.09276,38.20087],[66.0917,38.20311],[66.08827,38.20155],[66.08826,38.19987],[66.08017,38.19832],[66.08049,38.20215],[66.07611,38.20382],[66.07054,38.20951],[66.06852,38.20894],[66.06412,38.21192],[66.05755,38.2098],[66.05545,38.2122],[66.04997,38.20898],[66.04625,38.21039],[66.04244,38.21405],[66.04016,38.21948],[66.0349,38.21914],[66.03768,38.22446],[66.03343,38.22353],[66.03039,38.22675],[66.02813,38.22545],[66.02697,38.22642],[66.02803,38.22923],[66.01933,38.22556],[66.01618,38.22979],[66.00956,38.2306],[66.00926,38.23308],[66.00622,38.23299],[65.9961,38.22891],[65.99264,38.23115],[65.98992,38.23049],[65.98556,38.22645],[65.98384,38.22675],[65.98378,38.22847],[65.97741,38.22756],[65.97609,38.23291],[65.97285,38.23396],[65.97055,38.23176],[65.96932,38.23455],[65.97059,38.2373],[65.96852,38.23943],[65.96297,38.23976],[65.95955,38.24204],[65.95673,38.23846],[65.95588,38.24362],[65.95263,38.24367],[65.95312,38.24812],[65.95082,38.24757],[65.94483,38.25225],[65.94084,38.25166],[65.93981,38.2522],[65.94059,38.25668],[65.93036,38.25995],[65.93273,38.26286],[65.93016,38.26492],[65.93078,38.26966],[65.92814,38.26954],[65.92344,38.27308],[65.92387,38.2742],[65.92093,38.27306],[65.91966,38.2754],[65.91705,38.27207],[65.91542,38.27431],[65.91707,38.27548],[65.91436,38.27771],[65.90911,38.27897],[65.90533,38.27714],[65.89364,38.27874],[65.89224,38.27837],[65.8925,38.27596],[65.8878,38.2785],[65.88472,38.27718],[65.88353,38.27875],[65.88149,38.27769],[65.88226,38.27681],[65.87815,38.27554],[65.87434,38.27718],[65.87487,38.27459],[65.87192,38.27596],[65.86999,38.27483],[65.86395,38.27788],[65.86214,38.27524],[65.86208,38.27654],[65.85557,38.27489],[65.85014,38.27655],[65.84941,38.27438],[65.85199,38.27306],[65.84915,38.27234],[65.84919,38.27],[65.8449,38.26717],[65.8463,38.26583],[65.84189,38.25275],[65.83839,38.25175],[65.83781,38.24982],[65.83175,38.25096],[65.83234,38.25418],[65.82858,38.25574],[65.63937,38.27547],[65.56183,38.28954],[65.53974,38.28932],[65.53789,38.29088],[65.53789,38.29694],[65.54155,38.30027],[65.17118,38.50256],[65.15574,38.52033],[65.03746,38.60574],[65.03105,38.6077],[64.99295,38.61216],[64.97666,38.62267],[64.9634,38.62674],[64.91781,38.65773],[64.91193,38.65858],[64.89606,38.67047],[64.86298,38.68142],[64.82045,38.68303],[64.79731,38.69626],[64.78405,38.70929],[64.71682,38.75215],[64.70068,38.75643],[64.68536,38.76433],[64.66408,38.77077],[64.60857,38.79945],[64.52481,38.84679],[64.33059,38.99526],[64.31102,38.99122],[64.30293,38.992],[64.19793,38.9631],[64.18119,38.96186],[64.1715,38.97071],[64.09497,39.00741],[64.00867,39.05342],[63.99557,39.06315],[63.70515,39.22387],[63.69421,39.27244],[63.56506,39.3376],[63.46419,39.39333],[63.14563,39.57418],[62.99942,39.65534],[62.46986,39.95826],[62.46695,39.96345],[62.45333,39.97454],[62.44118,39.9894],[62.43491,40.0],[62.42813,40.03616],[62.42701,40.06486],[62.4006,40.09297],[62.3965,40.09928],[62.39709,40.11001],[62.41192,40.12988],[62.41436,40.15199],[62.41378,40.17351],[62.40548,40.19026],[62.40246,40.21072],[62.38974,40.24455],[62.38841,40.26335],[62.38345,40.2761],[62.38431,40.28614],[62.39203,40.30121],[62.39316,40.31078],[62.39148,40.31793],[62.37508,40.33998],[62.36566,40.34784],[62.35005,40.35751],[62.33457,40.37495],[62.33325,40.38345],[62.34394,40.40896],[62.35038,40.43324],[62.34946,40.4383],[62.32862,40.44584],[62.32082,40.44693],[62.29227,40.46078],[62.26367,40.48478],[62.23631,40.49411],[62.20772,40.50852],[62.18983,40.5352],[62.14387,40.55453],[62.11307,40.59611],[62.1073,40.61208],[62.10549,40.62929],[62.09101,40.65696],[62.07819,40.67634],[62.06682,40.68881],[62.052,40.69887],[62.04546,40.71211],[62.04208,40.75774],[62.03217,40.76994],[62.0264,40.78682],[62.0129,40.80333],[61.99604,40.81682],[61.98978,40.82629],[61.98569,40.83694],[61.98856,40.84606],[61.99337,40.85207],[61.98686,40.87151],[62.00012,40.89241],[61.9969,40.90028],[61.99563,40.92298],[61.99273,40.9313],[61.9914,40.9469],[61.99637,40.97354],[61.99156,40.98009],[61.98057,40.98361],[61.97663,40.9954],[61.97716,41.00591],[61.97088,41.01914],[61.96373,41.02736],[61.95472,41.03448],[61.92408,41.04824],[61.90096,41.05342],[61.8973,41.05814],[61.90046,41.06903],[61.89853,41.07798],[61.88567,41.10721],[61.87521,41.1162],[61.85406,41.12134],[61.81323,41.1536],[61.78898,41.1593],[61.75675,41.17574],[61.71283,41.21514],[61.70245,41.21999],[61.67497,41.22208],[61.6606,41.22589],[61.64993,41.23143],[61.64112,41.23761],[61.63515,41.2531],[61.62689,41.26499],[61.62405,41.26232],[61.60923,41.25621],[61.59893,41.25647],[61.57023,41.2662],[61.56824,41.26878],[61.56,41.268],[61.55468,41.264],[61.54541,41.26155],[61.48103,41.28673],[61.45906,41.28606],[61.43176,41.29089],[61.4085,41.28781],[61.40862,41.27431],[61.40232,41.25131],[61.4043,41.22218],[61.40318,41.2181],[61.40584,41.21461],[61.39925,41.21268],[61.3955,41.20841],[61.39954,41.20144],[61.39779,41.20026],[61.39747,41.19654],[61.38821,41.19219],[61.33045,41.14781],[61.24038,41.14533],[61.12861,41.19023],[61.10139,41.21173],[61.09042,41.23011],[61.0862,41.22577],[61.08515,41.21691],[61.08244,41.21473],[61.0656,41.24368],[61.06502,41.25427],[61.06208,41.25568],[61.05975,41.25422],[61.05601,41.25466],[61.0548,41.25758],[61.05162,41.24591],[61.04294,41.25567],[61.04499,41.26489],[61.04225,41.26572],[61.03755,41.26119],[61.03415,41.26206],[61.03353,41.26924],[61.02806,41.25971],[61.03025,41.25954],[61.0298,41.22266],[61.02499,41.22231],[61.0018,41.23334],[61.00047,41.24322],[60.9988,41.2422],[60.81601,41.25883],[60.76687,41.25859],[60.68093,41.25541],[60.5791,41.22348],[60.56826,41.22337],[60.51203,41.21648],[60.49147,41.21748],[60.47581,41.22138],[60.40572,41.25308],[60.34279,41.29538],[60.27626,41.33038],[60.24257,41.33336],[60.23002,41.3372],[60.16932,41.36934],[60.1304,41.39528],[60.09311,41.41319],[60.07692,41.43484],[60.07585,41.44183],[60.07749,41.44868],[60.07408,41.45749],[60.09081,41.5004],[60.10364,41.53715],[60.10391,41.54213],[60.12274,41.55371],[60.12826,41.55014],[60.14099,41.55592],[60.1407,41.56234],[60.14556,41.56399],[60.14184,41.56886],[60.15139,41.57869],[60.16958,41.58125],[60.17651,41.57766],[60.17236,41.58436],[60.17356,41.58799],[60.17828,41.58836],[60.17899,41.59136],[60.1725,41.60272],[60.1772,41.60676],[60.17251,41.61614],[60.16925,41.62815],[60.16006,41.64343],[60.14556,41.65867],[60.11951,41.67854],[60.0819,41.70327],[60.04651,41.75077],[60.04859,41.75867],[60.05657,41.76223],[60.05889,41.76442],[60.0573,41.76605],[60.06165,41.76962],[60.0754,41.77508],[60.0787,41.78964],[60.08141,41.79289],[60.07898,41.7975],[60.08258,41.80098],[60.08533,41.8107],[60.0878,41.8119],[60.10113,41.80686],[60.09957,41.80408],[60.10216,41.80223],[60.11783,41.79971],[60.12263,41.79628],[60.12844,41.79732],[60.1264,41.80172],[60.14228,41.80539],[60.14187,41.8023],[60.14448,41.80019],[60.16546,41.79919],[60.1705,41.79592],[60.17096,41.79153],[60.18132,41.78692],[60.18985,41.79628],[60.19127,41.79604],[60.20147,41.78727],[60.20361,41.78059],[60.22066,41.77443],[60.22437,41.7688],[60.22847,41.76595],[60.2272,41.7641],[60.23723,41.75111],[60.24078,41.75101],[60.24295,41.7546],[60.25039,41.75558],[60.24998,41.76071],[60.26312,41.76019],[60.2726,41.7546],[60.27378,41.75059],[60.27724,41.74919],[60.28231,41.74097],[60.28341,41.73378],[60.29249,41.73366],[60.29217,41.73586],[60.2993,41.73702],[60.29921,41.74302],[60.30092,41.74478],[60.29092,41.74878],[60.29211,41.75282],[60.29468,41.75479],[60.30662,41.75265],[60.31121,41.75416],[60.31859,41.75088],[60.33216,41.76777],[60.32516,41.76838],[60.31908,41.77334],[60.3139,41.77173],[60.30968,41.78027],[60.29833,41.7857],[60.29599,41.78882],[60.29291,41.78752],[60.28382,41.79142],[60.28399,41.79389],[60.28861,41.79614],[60.27608,41.80407],[60.25766,41.81947],[60.25612,41.82277],[60.20706,41.82625],[60.18559,41.83322],[60.1756,41.84142],[60.17527,41.84486],[60.16246,41.85325],[60.158,41.86238],[60.14841,41.86698],[60.13551,41.87666],[60.13253,41.88058],[60.13368,41.88516],[60.13299,41.89508],[60.12457,41.90146],[60.11877,41.90249],[60.11431,41.90626],[60.10803,41.90659],[60.10671,41.90863],[60.10113,41.90956],[60.09803,41.91183],[60.0932,41.91137],[60.09197,41.90554],[60.08949,41.9046],[60.05771,41.90884],[60.04098,41.91599],[60.03003,41.9243],[60.02558,41.93222],[60.02552,41.93565],[60.02917,41.94156],[60.02979,41.94848],[60.02612,41.9539],[60.02704,41.95884],[60.0235,41.96143],[60.01386,41.96323],[59.99244,41.95616],[59.98845,41.95147],[59.98294,41.94832],[59.98391,41.94372],[59.97164,41.94013],[59.95995,41.94564],[59.95522,41.95019],[59.93663,41.96174],[59.93782,41.97026],[59.9348,41.97066],[59.93273,41.97836],[59.91647,41.99171],[59.91996,42.00499],[59.92782,42.01225],[59.93791,42.01169],[59.9505,42.01974],[59.96694,42.01238],[59.97795,42.01151],[59.99956,41.99573],[60.01061,41.99117],[60.02149,41.99487],[60.02126,41.99985],[60.02485,42.00266],[60.03271,42.0199],[60.03525,42.01874],[60.04088,42.02669],[60.03627,42.03121],[60.03743,42.0339],[60.03314,42.03768],[60.03277,42.03986],[60.03599,42.04718],[60.03436,42.04945],[60.03483,42.05715],[60.04199,42.06965],[60.04163,42.07285],[60.03498,42.07637],[60.03677,42.07976],[60.0469,42.0834],[60.0483,42.09015],[60.04079,42.09783],[60.03057,42.1016],[60.0204,42.11791],[60.00803,42.1186],[60.00573,42.11563],[59.98466,42.12157],[59.95907,42.13514],[59.94987,42.14394],[59.96323,42.15215],[59.9651,42.15699],[59.97166,42.15754],[59.96714,42.17919],[59.99448,42.17263],[60.0073,42.16678],[60.01527,42.16492],[60.02125,42.17875],[60.01918,42.18487],[60.0204,42.18738],[60.01028,42.19461],[60.01278,42.21292],[59.99786,42.21682],[59.99418,42.21007],[59.99249,42.21],[59.98526,42.218],[59.9863,42.22574],[59.97236,42.23299],[59.95487,42.2315],[59.94075,42.24737],[59.94194,42.25809],[59.94101,42.2624],[59.92869,42.26748],[59.93166,42.27429],[59.92671,42.27752],[59.92153,42.27858],[59.90766,42.27765],[59.89392,42.28417],[59.8936,42.29765],[59.89077,42.30239],[59.85257,42.29363],[59.84652,42.28601],[59.84455,42.2769],[59.81206,42.27293],[59.75257,42.29317],[59.74108,42.30113],[59.73512,42.30234],[59.69864,42.29939],[59.65374,42.28911],[59.64297,42.28922],[59.60843,42.29818],[59.60141,42.29657],[59.5911,42.28892],[59.57868,42.28573],[59.56141,42.28839],[59.55318,42.29417],[59.53213,42.29083],[59.48757,42.28938],[59.46825,42.29222],[59.46241,42.28938],[59.44715,42.28976],[59.43523,42.29191],[59.43165,42.30005],[59.42085,42.30675],[59.41819,42.3249],[59.38551,42.33376],[59.37217,42.34032],[59.33563,42.35369],[59.32667,42.354],[59.31839,42.35766],[59.30344,42.36065],[59.29792,42.37335],[59.28988,42.38136],[59.27096,42.39375],[59.27131,42.39714],[59.2586,42.41445],[59.26777,42.42032],[59.26897,42.42862],[59.17334,42.531],[59.07181,42.51934],[59.00864,42.52514],[58.80787,42.66443],[58.62544,42.79967],[58.62271,42.79382],[58.62782,42.77829],[58.62233,42.77484],[58.62042,42.76632],[58.62714,42.75474],[58.62435,42.75383],[58.61673,42.75922],[58.61305,42.75805],[58.61277,42.7548],[58.61717,42.74835],[58.64308,42.73356],[58.64482,42.73131],[58.64581,42.7233],[58.64243,42.71886],[58.63045,42.71535],[58.62199,42.71742],[58.61079,42.72403],[58.59779,42.72191],[58.5955,42.71994],[58.59463,42.71708],[58.59616,42.71203],[58.60442,42.70655],[58.60468,42.70209],[58.6084,42.69632],[58.60274,42.68144],[58.60662,42.67626],[58.60437,42.67247],[58.60422,42.66689],[58.59535,42.65324],[58.59188,42.65309],[58.59037,42.64899],[58.57338,42.64873],[58.5675,42.65084],[58.53843,42.6529],[58.49662,42.64686],[58.48417,42.64292],[58.47596,42.64712],[58.46928,42.64532],[58.44552,42.65256],[58.43088,42.65455],[58.41971,42.6541],[58.39921,42.66685],[58.33159,42.68515],[58.27432,42.688],[58.25922,42.6835],[58.25433,42.67829],[58.24627,42.6763],[58.23877,42.67041],[58.20629,42.65747],[58.19869,42.65279],[58.19339,42.6469],[58.18625,42.64378],[58.18089,42.63921],[58.16942,42.63557],[58.16279,42.63624],[58.16116,42.63501],[58.16126,42.63122],[58.15356,42.63373],[58.15045,42.63009],[58.15529,42.61133],[58.15065,42.61084],[58.15646,42.60525],[58.16646,42.59909],[58.24663,42.5689],[58.26009,42.56199],[58.27641,42.55929],[58.29926,42.55929],[58.31761,42.53524],[58.32251,42.51419],[58.34984,42.47057],[58.40686,42.40335],[58.40931,42.39793],[58.40788,42.38912],[58.40952,42.37423],[58.4115,42.3711],[58.41757,42.36915],[58.42706,42.37375],[58.43205,42.37292],[58.44052,42.36388],[58.48417,42.33991],[58.48917,42.33561],[58.50651,42.33056],[58.51355,42.32513],[58.51661,42.3191],[58.51508,42.3114],[58.51059,42.30378],[58.51018,42.29586],[58.51395,42.28696],[58.51181,42.28153],[58.50794,42.2804],[58.49855,42.28206],[58.4704,42.29262],[58.44501,42.29617],[58.41635,42.29248],[58.39505,42.28722],[58.39722,42.29577],[58.39819,42.31442],[58.40125,42.32747],[58.40023,42.34036],[58.39635,42.35709],[58.38065,42.39996],[58.3682,42.41608],[58.35301,42.42873],[58.32445,42.4486],[58.30558,42.45583],[58.27876,42.45884],[58.2096,42.47245],[58.19655,42.47042],[58.16146,42.45643],[58.14361,42.45229],[58.1326,42.44454],[58.13545,42.4632],[58.13586,42.49043],[58.14402,42.4875],[58.14596,42.48825],[58.14484,42.49126],[58.1223,42.50337],[58.12332,42.49938],[58.12036,42.4984],[58.12209,42.49464],[58.12209,42.49164],[58.12077,42.49164],[58.09649,42.50254],[58.07721,42.50495],[58.07007,42.50863],[58.06304,42.50848],[58.06416,42.51667],[58.06222,42.51938],[58.06263,42.52788],[58.06497,42.53246],[58.06946,42.53614],[58.06701,42.53922],[58.06324,42.53727],[58.06038,42.53795],[58.05406,42.54418],[58.05151,42.5411],[58.05488,42.52757],[58.05304,42.52622],[58.04998,42.52915],[58.04896,42.52607],[58.04682,42.52742],[58.04529,42.52592],[58.04804,42.5181],[58.04611,42.51615],[58.0408,42.51637],[58.03812,42.51404],[58.03927,42.50842],[58.03517,42.50641],[58.03022,42.50008],[58.01869,42.49508],[58.01217,42.49489],[58.01189,42.50295],[58.0087,42.51028],[58.0037,42.5151],[58.0025,42.51034],[58.00668,42.4994],[58.00454,42.49927],[58.00023,42.5026],[58.00166,42.48891],[57.99893,42.48252],[57.99327,42.48295],[57.98932,42.48564],[57.98557,42.48302],[57.98374,42.48592],[57.97899,42.48475],[57.97897,42.479],[57.98511,42.47763],[57.98277,42.47561],[57.98369,42.46583],[57.98256,42.46392],[57.97642,42.46233],[57.9779,42.45716],[57.97713,42.45035],[57.9727,42.44266],[57.96772,42.42783],[57.96324,42.43003],[57.95824,42.42946],[57.95092,42.43598],[57.94975,42.44017],[57.94263,42.44457],[57.92815,42.43923],[57.92815,42.43575],[57.91336,42.43148],[57.91122,42.42771],[57.90729,42.42547],[57.90653,42.42397],[57.90778,42.42286],[57.92262,42.41821],[57.92613,42.41166],[57.92983,42.41228],[57.93266,42.40944],[57.94118,42.40823],[57.92828,42.40748],[57.92448,42.40576],[57.94103,42.40213],[57.94011,42.39829],[57.94692,42.39398],[57.95079,42.38793],[57.96028,42.38096],[57.95875,42.37565],[57.95003,42.37708],[57.95367,42.3742],[57.95092,42.37279],[57.95199,42.37107],[57.9578,42.37107],[57.96183,42.36465],[57.96099,42.34758],[57.9587,42.34305],[57.9437,42.33361],[57.92862,42.30267],[57.92881,42.2979],[57.93667,42.28409],[57.9384,42.27308],[57.94442,42.26409],[57.94234,42.24002],[57.94864,42.22895],[57.94577,42.22821],[57.93264,42.23218],[57.92165,42.2334],[57.90535,42.23124],[57.89908,42.23181],[57.89704,42.23026],[57.89786,42.22606],[57.89556,42.22291],[57.89714,42.21992],[57.90428,42.21622],[57.88353,42.2118],[57.87822,42.21278],[57.87266,42.21645],[57.86558,42.22585],[57.85645,42.22766],[57.8539,42.2328],[57.84778,42.23178],[57.84079,42.2382],[57.84018,42.23582],[57.84467,42.22815],[57.83737,42.22793],[57.84829,42.22068],[57.84895,42.21471],[57.84574,42.21377],[57.83651,42.21543],[57.83498,42.21429],[57.84319,42.20829],[57.85023,42.20564],[57.85441,42.19998],[57.85884,42.19159],[57.86267,42.17572],[57.86027,42.1722],[57.85675,42.17164],[57.85359,42.17319],[57.85257,42.17617],[57.85405,42.18071],[57.84926,42.18554],[57.84303,42.18335],[57.84365,42.17519],[57.8411,42.17194],[57.80183,42.16937],[57.76947,42.17118],[57.74471,42.16875],[57.69395,42.15429],[57.66008,42.14016],[57.65229,42.13837],[57.61783,42.14563],[57.55072,42.15251],[57.43349,42.15631],[57.38419,42.15382],[57.32043,42.14478],[57.29362,42.13799],[57.28045,42.12991],[57.23382,42.06875],[57.16753,41.97504],[57.12815,41.92928],[57.11676,41.92424],[57.07311,41.92588],[57.03652,41.92166],[56.99951,41.91025],[56.96691,41.88915],[56.96394,41.85237],[56.96376,41.82624],[56.96945,41.79774],[56.97004,41.77431],[56.97209,41.75824],[56.97491,41.74953],[56.97399,41.74405],[56.97748,41.72077],[56.97945,41.71608],[56.97659,41.70999],[56.9772,41.70869],[56.97945,41.70961],[56.98118,41.70748],[56.98174,41.69877],[56.97843,41.69133],[56.9775,41.67121],[56.98995,41.6516],[56.99893,41.63274],[57.01785,41.60407],[57.01981,41.59782],[57.02648,41.59099],[57.04255,41.56535],[57.0435,41.55692],[57.04059,41.54765],[57.04181,41.54172],[57.04111,41.52885],[57.03555,41.52536],[57.03493,41.51974],[57.03722,41.50095],[57.04952,41.48353],[57.0485,41.47948],[57.04299,41.47329],[57.04146,41.46458],[57.0437,41.45204],[57.04075,41.44814],[57.0399,41.44128],[57.05204,41.41961],[57.08925,41.38127],[57.0917,41.37367],[57.10069,41.36353],[57.12249,41.3594],[57.12955,41.36138],[57.14581,41.3721],[57.14829,41.37904],[57.15437,41.38213],[57.1662,41.37993],[57.1704,41.37695],[57.17354,41.37203],[57.1814,41.36816],[57.1818,41.35239],[57.18347,41.35197],[57.18563,41.35745],[57.18695,41.355],[57.18466,41.35025],[57.18548,41.34849],[57.18961,41.35021],[57.19114,41.34872],[57.18848,41.34523],[57.18989,41.34173],[57.18678,41.34282],[57.17347,41.33947],[57.16801,41.34131],[57.16112,41.34051],[57.15503,41.34382],[57.14988,41.34305],[57.13545,41.33666],[57.11694,41.33689],[57.0889,41.33466],[57.07076,41.32179],[57.05961,41.32188],[57.05905,41.31376],[57.07142,41.29692],[57.07267,41.29023],[57.07117,41.28012],[57.07015,41.27519],[57.06005,41.25628],[57.05246,41.24683],[57.04738,41.24335],[57.04141,41.24097],[57.03095,41.24094],[57.00127,41.24765],[56.91683,41.26205],[56.78924,41.2815],[55.99855,41.32221]]],[[[70.55036,40.98991],[70.5731,40.99219],[70.5993,40.9774],[70.62157,40.95509],[70.63057,40.94311],[70.65666,40.91842],[70.6625,40.91446],[70.67164,40.91489],[70.65672,40.92664],[70.62743,40.95592],[70.62057,40.96012],[70.61216,40.97377],[70.59119,40.98696],[70.58613,40.99252],[70.57414,40.99861],[70.5671,41.0058],[70.5645,41.0066],[70.55573,41.00196],[70.5497,40.99527],[70.54873,40.99178],[70.55036,40.98991]]],[[[71.00543,40.07734],[71.00496,40.08181],[71.01461,40.09306],[71.01921,40.12015],[71.01622,40.12261],[71.01523,40.12815],[71.00942,40.13844],[71.00195,40.16437],[71.00637,40.16958],[70.99851,40.18315],[71.00326,40.18414],[71.0253,40.17839],[71.03729,40.17885],[71.04254,40.17492],[71.04534,40.17693],[71.04292,40.181],[71.0464,40.18419],[71.04774,40.18148],[71.06318,40.16805],[71.07584,40.15038],[71.08263,40.12578],[71.08207,40.12294],[71.09021,40.11144],[71.08962,40.08727],[71.09431,40.08661],[71.0958,40.08119],[71.10138,40.07964],[71.10018,40.07773],[71.1024,40.07518],[71.10276,40.05617],[71.10596,40.04978],[71.113,40.04162],[71.11611,40.0415],[71.11815,40.03693],[71.11901,40.03232],[71.11769,40.03007],[71.11948,40.02402],[71.11694,40.02001],[71.11844,40.01851],[71.12525,40.01583],[71.13449,40.01808],[71.14107,40.02613],[71.14443,40.02709],[71.15231,40.02552],[71.16682,40.02831],[71.18218,40.02795],[71.18686,40.03273],[71.20671,40.03744],[71.20402,40.02922],[71.19765,40.02185],[71.19623,40.01641],[71.18701,40.01063],[71.18696,40.00788],[71.18298,40.00479],[71.18605,40.00151],[71.1671,39.99795],[71.14484,40.00067],[71.16291,39.99092],[71.16831,39.98621],[71.16462,39.97635],[71.16569,39.95559],[71.1851,39.95558],[71.18254,39.95326],[71.18907,39.95101],[71.20666,39.95353],[71.21458,39.95219],[71.21531,39.95032],[71.20559,39.94723],[71.20738,39.93918],[71.21245,39.93827],[71.22429,39.93159],[71.22594,39.92349],[71.21779,39.9243],[71.21851,39.92265],[71.21327,39.92234],[71.21799,39.91522],[71.21566,39.91293],[71.21293,39.91443],[71.19851,39.91307],[71.1942,39.90823],[71.19883,39.90659],[71.20153,39.90295],[71.14482,39.89965],[71.13158,39.90035],[71.13504,39.90807],[71.12907,39.91261],[71.12528,39.91907],[71.11892,39.92251],[71.11209,39.91996],[71.10725,39.91497],[71.10433,39.9156],[71.1084,39.91069],[71.10784,39.90601],[71.10324,39.90803],[71.10369,39.91253],[71.10123,39.91465],[71.09834,39.91378],[71.09784,39.90247],[71.0948,39.89803],[71.0963,39.89695],[71.09606,39.89443],[71.09903,39.89266],[71.09941,39.88848],[71.09771,39.88578],[71.09207,39.8998],[71.07042,39.89967],[71.06888,39.89906],[71.06992,39.89576],[71.06678,39.8953],[71.06077,39.89797],[71.0548,39.89647],[71.05843,39.90066],[71.05711,39.90217],[71.05919,39.90453],[71.05601,39.9065],[71.06484,39.91686],[71.07625,39.91787],[71.07904,39.92092],[71.08071,39.9253],[71.07872,39.92747],[71.08105,39.93208],[71.07975,39.93532],[71.08176,39.93608],[71.09057,39.9492],[71.09624,39.95117],[71.10129,39.9508],[71.10272,39.9533],[71.11123,39.95775],[71.12007,39.95952],[71.11739,39.96387],[71.11816,39.96823],[71.11527,39.97],[71.10801,39.96696],[71.09821,39.97273],[71.10033,39.98143],[71.09197,39.9867],[71.08994,39.99035],[71.09334,39.99565],[71.09858,39.99837],[71.10236,39.99882],[71.10677,39.99062],[71.11486,39.99344],[71.11502,39.99734],[71.11355,39.99921],[71.11452,40.0057],[71.10996,40.01808],[71.10823,40.01823],[71.10993,40.02196],[71.10391,40.01946],[71.09328,40.01961],[71.08705,40.02266],[71.06959,40.02478],[71.04683,40.02284],[71.01358,40.04273],[71.00842,40.0551],[71.00543,40.07734]]],[[[71.0312,40.23441],[71.0237,40.24018],[71.02447,40.24365],[71.02766,40.24646],[71.02902,40.25199],[71.03608,40.25995],[71.04408,40.25871],[71.04685,40.25598],[71.04293,40.25181],[71.04335,40.24889],[71.04097,40.24717],[71.03998,40.24376],[71.04217,40.24032],[71.04232,40.22843],[71.03516,40.2253],[71.0312,40.23441]]],[[[71.66053,40.2013],[71.65956,40.20448],[71.6607,40.20795],[71.67016,40.20293],[71.67213,40.20071],[71.67214,40.19795],[71.66874,40.19769],[71.66053,40.2013]]],[[[71.81854,39.99963],[71.82042,39.9935],[71.81993,39.98926],[71.82272,39.98773],[71.82912,39.98557],[71.85887,39.98421],[71.85497,39.96932],[71.84794,39.96069],[71.84781,39.95317],[71.84544,39.94642],[71.83974,39.94771],[71.83225,39.95414],[71.82654,39.9563],[71.81144,39.9563],[71.79766,39.95853],[71.78871,39.96667],[71.78363,39.96591],[71.77848,39.96298],[71.77525,39.95034],[71.75391,39.93487],[71.7451,39.93373],[71.74344,39.93473],[71.74253,39.93804],[71.74527,39.94417],[71.72803,39.94375],[71.72777,39.95261],[71.72363,39.9557],[71.71683,39.95219],[71.71682,39.95895],[71.7145,39.96607],[71.71177,39.96787],[71.70893,39.97606],[71.71884,39.97772],[71.73628,39.97535],[71.74179,39.97758],[71.76296,39.97736],[71.76582,39.98105],[71.77423,39.98371],[71.77319,39.98797],[71.77527,39.99073],[71.78864,39.99522],[71.79601,40.00178],[71.78969,40.01035],[71.79071,40.0109],[71.7959,40.0065],[71.81221,40.0036],[71.81854,39.99963]]]]}}]}